3M Co,MMM,Inge G. Thulin,http://investing.businessweek.com/research/stocks/people/person.asp?personId=7020442&capId=289194&previousCapId=289194&previousTitle=3M%20CO
Abbott Laboratories,ABT,Miles D. White,http://investing.businessweek.com/research/stocks/people/person.asp?personId=247485&capId=247483&previousCapId=247483&previousTitle=ABBOTT%20LABORATORIES
AbbVie Inc.,ABBV,Richard A. Gonzalez,http://investing.businessweek.com/research/stocks/people/person.asp?personId=247511&capId=141885706&previousCapId=141885706&previousTitle=ABBVIE%20INC
Accenture plc,ACN,Pierre   Nanterme,http://investing.businessweek.com/research/stocks/people/person.asp?personId=27630476&capId=972190&previousCapId=972190&previousTitle=ACCENTURE%20PLC-CL%20A
ACE Limited,ACE,Evan G. Greenberg,http://investing.businessweek.com/research/stocks/people/person.asp?personId=250392&capId=203028&previousCapId=203028&previousTitle=ACE%20LTD
Actavis plc,ACT,Paul M. Bisaro,http://investing.businessweek.com/research/stocks/people/person.asp?personId=254297&capId=36478&previousCapId=36478&previousTitle=ACTAVIS%20PLC
Adobe Systems Inc,ADBE,Shantanu   Narayen,http://investing.businessweek.com/research/stocks/people/person.asp?personId=629290&capId=24321&previousCapId=24321&previousTitle=ADOBE%20SYSTEMS%20INC
AES Corp,AES,Andres Ricardo Gluski Weilert,http://investing.businessweek.com/research/stocks/people/person.asp?personId=8598472&capId=35312&previousCapId=35312&previousTitle=AES%20CORP
Aetna Inc,AET,Mark T. Bertolini,http://investing.businessweek.com/research/stocks/people/person.asp?personId=4491880&capId=655542&previousCapId=655542&previousTitle=AETNA%20INC
AFLAC Inc,AFL,Daniel P. Amos,http://investing.businessweek.com/research/stocks/people/person.asp?personId=250182&capId=250178&previousCapId=250178&previousTitle=AFLAC%20INC
Agilent Technologies Inc,A,William P. Sullivan,http://investing.businessweek.com/research/stocks/people/person.asp?personId=238895&capId=154924&previousCapId=154924&previousTitle=AGILENT%20TECHNOLOGIES%20INC
AGL Resources,GAS,John W. Somerhalder II,http://investing.businessweek.com/research/stocks/people/person.asp?personId=316789&capId=252517&previousCapId=252517&previousTitle=AGL%20RESOURCES%20INC
Air Products & Chemicals Inc,APD,John E. McGlade,http://investing.businessweek.com/research/stocks/people/person.asp?personId=7222414&capId=248356&previousCapId=248356&previousTitle=AIR%20PRODUCTS%20%26%20CHEMICALS%20INC
Airgas Inc,ARG,Michael L. Molinini,http://investing.businessweek.com/research/stocks/people/person.asp?personId=168998&capId=24504&previousCapId=24504&previousTitle=AIRGAS%20INC
Akamai Technologies Inc,AKAM,F. Thomson Leighton,http://investing.businessweek.com/research/stocks/people/person.asp?personId=238009&capId=24522&previousCapId=24522&previousTitle=AKAMAI%20TECHNOLOGIES%20INC
Alcoa Inc,AA,"Klaus   Kleinfeld Ph.D., rer. pol., Dipl.-Kfm.",http://investing.businessweek.com/research/stocks/people/person.asp?personId=5504710&capId=249603&previousCapId=249603&previousTitle=ALCOA%20INC
Alexion Pharmaceuticals Inc,ALXN,Leonard   Bell M.D.,http://investing.businessweek.com/research/stocks/people/person.asp?personId=347988&capId=347983&previousCapId=347983&previousTitle=ALEXION%20PHARMACEUTICALS%20INC
Allegheny Technologies Inc,ATI,Richard J. Harshman,http://investing.businessweek.com/research/stocks/people/person.asp?personId=348929&capId=348893&previousCapId=348893&previousTitle=ALLEGHENY%20TECHNOLOGIES%20INC
Allegion plc,ALLE,David D. Petratis,http://investing.businessweek.com/research/stocks/people/person.asp?personId=10159546&capId=241782379&previousCapId=241782379&previousTitle=ALLEGION%20PLC
Allergan Inc,AGN,David E. I. Pyott,http://investing.businessweek.com/research/stocks/people/person.asp?personId=249209&capId=249205&previousCapId=249205&previousTitle=ALLERGAN%20INC
Alliance Data Systems Corp,ADS,Edward J. Heffernan,http://investing.businessweek.com/research/stocks/people/person.asp?personId=1134206&capId=24604&previousCapId=24604&previousTitle=ALLIANCE%20DATA%20SYSTEMS%20CORP
Allstate Corp,ALL,Thomas J. Wilson II,http://investing.businessweek.com/research/stocks/people/person.asp?personId=198486&capId=18711&previousCapId=18711&previousTitle=ALLSTATE%20CORP
Altera Corp,ALTR,John P. Daane,http://investing.businessweek.com/research/stocks/people/person.asp?personId=600541&capId=24658&previousCapId=24658&previousTitle=ALTERA%20CORP
Altria Group Inc,MO,Martin J. Barrington,http://investing.businessweek.com/research/stocks/people/person.asp?personId=30786073&capId=296308&previousCapId=296308&previousTitle=ALTRIA%20GROUP%20INC
Amazon.com Inc,AMZN,Jeffrey P. Bezos,http://investing.businessweek.com/research/stocks/people/person.asp?personId=218119&capId=18749&previousCapId=18749&previousTitle=AMAZON.COM%20INC
Ameren Corp,AEE,Thomas R. Voss,http://investing.businessweek.com/research/stocks/people/person.asp?personId=8019593&capId=373264&previousCapId=373264&previousTitle=AMEREN%20CORPORATION
American Electric Power,AEP,Nicholas K. Akins,http://investing.businessweek.com/research/stocks/people/person.asp?personId=25052545&capId=135470&previousCapId=135470&previousTitle=AMERICAN%20ELECTRIC%20POWER
American Express Co,AXP,Kenneth I. Chenault,http://investing.businessweek.com/research/stocks/people/person.asp?personId=169340&capId=92001&previousCapId=92001&previousTitle=AMERICAN%20EXPRESS%20CO
American Intl Group Inc,AIG,Robert Herman Benmosche,http://investing.businessweek.com/research/stocks/people/person.asp?personId=243180&capId=250388&previousCapId=250388&previousTitle=AMERICAN%20INTERNATIONAL%20GROUP
American Tower Corp A,AMT,James D. Taiclet Jr.,http://investing.businessweek.com/research/stocks/people/person.asp?personId=163397&capId=24766&previousCapId=24766&previousTitle=AMERICAN%20TOWER%20CORP
Ameriprise Financial Inc,AMP,James M. Cracchiolo,http://investing.businessweek.com/research/stocks/people/person.asp?personId=169348&capId=4165019&previousCapId=4165019&previousTitle=AMERIPRISE%20FINANCIAL%20INC
AmerisourceBergen Corp,ABC,Steven H. Collis,http://investing.businessweek.com/research/stocks/people/person.asp?personId=683886&capId=24809&previousCapId=24809&previousTitle=AMERISOURCEBERGEN%20CORP
AMETEK Inc,AME,Frank S. Hermance,http://investing.businessweek.com/research/stocks/people/person.asp?personId=169550&capId=31860&previousCapId=31860&previousTitle=AMETEK%20INC
Amgen Inc,AMGN,Robert A. Bradway,http://investing.businessweek.com/research/stocks/people/person.asp?personId=33775218&capId=24816&previousCapId=24816&previousTitle=AMGEN%20INC
Amphenol Corp A,APH,R. Adam Norwitt,http://investing.businessweek.com/research/stocks/people/person.asp?personId=9935014&capId=24827&previousCapId=24827&previousTitle=AMPHENOL%20CORP-CL%20A
Anadarko Petroleum Corp,APC,R. A. Walker,http://investing.businessweek.com/research/stocks/people/person.asp?personId=358845&capId=251349&previousCapId=251349&previousTitle=ANADARKO%20PETROLEUM%20CORP
Analog Devices Inc,ADI,Vincent T. Roche,http://investing.businessweek.com/research/stocks/people/person.asp?personId=1664284&capId=251411&previousCapId=251411&previousTitle=ANALOG%20DEVICES%20INC
Aon plc,AON,Gregory C. Case,http://investing.businessweek.com/research/stocks/people/person.asp?personId=21933350&capId=119853&previousCapId=119853&previousTitle=AON%20PLC
Apache Corp,APA,G. Steven Farris,http://investing.businessweek.com/research/stocks/people/person.asp?personId=169842&capId=169838&previousCapId=169838&previousTitle=APACHE%20CORP
Apartment Investment & Mgmt,AIV,Terry   Considine J.D.,http://investing.businessweek.com/research/stocks/people/person.asp?personId=252391&capId=204640062&previousCapId=336458&previousTitle=APARTMENT%20INVT%20%26%20MGMT%20CO%20-A
Apple Inc.,AAPL,Timothy D. Cook,http://investing.businessweek.com/research/stocks/people/person.asp?personId=169600&capId=24937&previousCapId=24937&previousTitle=APPLE%20INC
Applied Materials Inc,AMAT,Gary E. Dickerson,http://investing.businessweek.com/research/stocks/people/person.asp?personId=282233&capId=251230&previousCapId=251230&previousTitle=APPLIED%20MATERIALS%20INC
Archer-Daniels-Midland Co,ADM,Patricia A. Woertz,http://investing.businessweek.com/research/stocks/people/person.asp?personId=656905&capId=251704&previousCapId=251704&previousTitle=ARCHER-DANIELS-MIDLAND%20CO
Assurant Inc,AIZ,Robert B. Pollock,http://investing.businessweek.com/research/stocks/people/person.asp?personId=4085530&capId=4026111&previousCapId=4026111&previousTitle=ASSURANT%20INC
AT&T Inc,T,Randall L. Stephenson,http://investing.businessweek.com/research/stocks/people/person.asp?personId=1162489&capId=100231&previousCapId=100231&previousTitle=AT%26T%20INC
Autodesk Inc,ADSK,Carl   Bass,http://investing.businessweek.com/research/stocks/people/person.asp?personId=431986&capId=119902&previousCapId=119902&previousTitle=AUTODESK%20INC
Automatic Data Processing,ADP,Carlos A. Rodriguez,http://investing.businessweek.com/research/stocks/people/person.asp?personId=11829902&capId=126269&previousCapId=126269&previousTitle=AUTOMATIC%20DATA%20PROCESSING
AutoNation Inc,AN,Michael J. Jackson,http://investing.businessweek.com/research/stocks/people/person.asp?personId=186738&capId=112302&previousCapId=112302&previousTitle=AUTONATION%20INC
AutoZone Inc,AZO,William C. Rhodes III,http://investing.businessweek.com/research/stocks/people/person.asp?personId=170119&capId=25307&previousCapId=25307&previousTitle=AUTOZONE%20INC
AvalonBay Communities Inc,AVB,Timothy J. Naughton,http://investing.businessweek.com/research/stocks/people/person.asp?personId=329171&capId=329141&previousCapId=329141&previousTitle=AVALONBAY%20COMMUNITIES%20INC
Avery Dennison Corp,AVY,Dean A. Scarborough,http://investing.businessweek.com/research/stocks/people/person.asp?personId=252982&capId=252978&previousCapId=252978&previousTitle=AVERY%20DENNISON%20CORP
Avon Products,AVP,Sherilyn S. McCoy,http://investing.businessweek.com/research/stocks/people/person.asp?personId=33334893&capId=253132&previousCapId=253132&previousTitle=AVON%20PRODUCTS%20INC
Baker Hughes Inc,BHI,Martin S. Craighead,http://investing.businessweek.com/research/stocks/people/person.asp?personId=20821711&capId=19007&previousCapId=19007&previousTitle=BAKER%20HUGHES%20INC
Ball Corp,BLL,John A. Hayes,http://investing.businessweek.com/research/stocks/people/person.asp?personId=170384&capId=170352&previousCapId=170352&previousTitle=BALL%20CORP
Bank of America Corp,BAC,Brian T. Moynihan,http://investing.businessweek.com/research/stocks/people/person.asp?personId=176502&capId=19049&previousCapId=19049&previousTitle=BANK%20OF%20AMERICA%20CORP
Bard C.R. Inc,BCR,Timothy M. Ring,http://investing.businessweek.com/research/stocks/people/person.asp?personId=254177&capId=254131&previousCapId=254131&previousTitle=CR%20BARD%20INC
Baxter Intl Inc,BAX,Robert L. Parkinson Jr.,http://investing.businessweek.com/research/stocks/people/person.asp?personId=247487&capId=254571&previousCapId=254571&previousTitle=BAXTER%20INTERNATIONAL%20INC
BB&T Corp,BBT,Kelly S. King,http://investing.businessweek.com/research/stocks/people/person.asp?personId=188549&capId=19109&previousCapId=19109&previousTitle=BB%26T%20CORP
Beam Inc,BEAM,Matthew John Shattock,http://investing.businessweek.com/research/stocks/people/person.asp?personId=9962038&capId=249999&previousCapId=249999&previousTitle=BEAM%20INC
Becton Dickinson & Co,BDX,Vincent A. Forlenza BD,http://investing.businessweek.com/research/stocks/people/person.asp?personId=170690&capId=103678&previousCapId=103678&previousTitle=BECTON%20DICKINSON%20AND%20CO
Bed Bath & Beyond Inc,BBBY,Steven H. Temares,http://investing.businessweek.com/research/stocks/people/person.asp?personId=321784&capId=321778&previousCapId=321778&previousTitle=BED%20BATH%20%26%20BEYOND%20INC
Bemis Co Inc,BMS,Henry J. Theisen,http://investing.businessweek.com/research/stocks/people/person.asp?personId=2117673&capId=255132&previousCapId=255132&previousTitle=BEMIS%20COMPANY
Berkshire Hathaway B,BRK.B,Warren E. Buffett,http://investing.businessweek.com/research/stocks/people/person.asp?personId=255253&capId=255251&previousCapId=255251&previousTitle=BERKSHIRE%20HATHAWAY%20INC-CL%20B
Best Buy Co Inc,BBY,Hubert   Joly,http://investing.businessweek.com/research/stocks/people/person.asp?personId=1529854&capId=255397&previousCapId=255397&previousTitle=BEST%20BUY%20CO%20INC
Biogen Idec Inc,BIIB,George A. Scangos Ph.D.,http://investing.businessweek.com/research/stocks/people/person.asp?personId=1117457&capId=29726&previousCapId=29726&previousTitle=BIOGEN%20IDEC%20INC
BlackRock Inc,BLK,Laurence Douglas Fink,http://investing.businessweek.com/research/stocks/people/person.asp?personId=402029&capId=294585&previousCapId=403413&previousTitle=BLACKROCK%20INC
Block H & R Inc,HRB,William C. Cobb,http://investing.businessweek.com/research/stocks/people/person.asp?personId=1124114&capId=276601&previousCapId=276601&previousTitle=H%26R%20BLOCK%20INC
Boeing Co,BA,W. James McNerney Jr.,http://investing.businessweek.com/research/stocks/people/person.asp?personId=601239&capId=370857&previousCapId=370857&previousTitle=BOEING%20CO%2FTHE
Borgwarner Inc,BWA,James R. Verrier,http://investing.businessweek.com/research/stocks/people/person.asp?personId=84114414&capId=25708&previousCapId=25708&previousTitle=BORGWARNER%20INC
Boston Properties Inc,BXP,Owen D. Thomas,http://investing.businessweek.com/research/stocks/people/person.asp?personId=1114726&capId=368278&previousCapId=368278&previousTitle=BOSTON%20PROPERTIES%20INC
Boston Scientific Corp,BSX,Michael F. Mahoney,http://investing.businessweek.com/research/stocks/people/person.asp?personId=62359136&capId=317627&previousCapId=317627&previousTitle=BOSTON%20SCIENTIFIC%20CORP
Bristol-Myers Squibb,BMY,Lamberto   Andreotti,http://investing.businessweek.com/research/stocks/people/person.asp?personId=3614457&capId=25798&previousCapId=25798&previousTitle=BRISTOL-MYERS%20SQUIBB%20CO
Broadcom Corp A,BRCM,Scott A. McGregor,http://investing.businessweek.com/research/stocks/people/person.asp?personId=7817632&capId=136333&previousCapId=136333&previousTitle=BROADCOM%20CORP-CL%20A
Brown-Forman Corp B,BF.B,Paul C. Varga,http://investing.businessweek.com/research/stocks/people/person.asp?personId=7223070&capId=256839&previousCapId=256839&previousTitle=BROWN-FORMAN%20CORP-CLASS%20B
CA Inc,CA,Michael P. Gregoire,http://investing.businessweek.com/research/stocks/people/person.asp?personId=5556814&capId=262913&previousCapId=262913&previousTitle=CA%20INC
Cablevision Systems Co A,CVC,James L. Dolan,http://investing.businessweek.com/research/stocks/people/person.asp?personId=172105&capId=61761808&previousCapId=25933&previousTitle=CABLEVISION%20SYSTEMS-NY%20GRP-A
Cabot Oil & Gas A,COG,Dan O. Dinges,http://investing.businessweek.com/research/stocks/people/person.asp?personId=292163&capId=258181&previousCapId=258181&previousTitle=CABOT%20OIL%20%26%20GAS%20CORP
Cameron International Corp,CAM,Jack B. Moore,http://investing.businessweek.com/research/stocks/people/person.asp?personId=5663834&capId=19839&previousCapId=19839&previousTitle=CAMERON%20INTERNATIONAL%20CORP
Campbell Soup Co,CPB,Denise M. Morrison,http://investing.businessweek.com/research/stocks/people/person.asp?personId=2763808&capId=258458&previousCapId=258458&previousTitle=CAMPBELL%20SOUP%20CO
Capital One Financial,COF,Richard D. Fairbank,http://investing.businessweek.com/research/stocks/people/person.asp?personId=336243&capId=336241&previousCapId=336241&previousTitle=CAPITAL%20ONE%20FINANCIAL%20CORP
Cardinal Health Inc,CAH,George S. Barrett,http://investing.businessweek.com/research/stocks/people/person.asp?personId=4950498&capId=172207&previousCapId=172207&previousTitle=CARDINAL%20HEALTH%20INC
CareFusion Corp.,CFN,Kieran T. Gallahue,http://investing.businessweek.com/research/stocks/people/person.asp?personId=226952&capId=49276069&previousCapId=49276069&previousTitle=CAREFUSION%20CORP
Carmax Inc,KMX,Thomas J. Folliard,http://investing.businessweek.com/research/stocks/people/person.asp?personId=356827&capId=356805&previousCapId=356805&previousTitle=CARMAX%20INC
Carnival Corp,CCL,Arnold W. Donald,http://investing.businessweek.com/research/stocks/people/person.asp?personId=115293&capId=258823&previousCapId=258823&previousTitle=CARNIVAL%20CORP
Caterpillar Inc,CAT,Douglas R. Oberhelman,http://investing.businessweek.com/research/stocks/people/person.asp?personId=259436&capId=259378&previousCapId=259378&previousTitle=CATERPILLAR%20INC
CBRE Group Inc.,CBG,Robert E. Sulentic,http://investing.businessweek.com/research/stocks/people/person.asp?personId=370061&capId=4204816&previousCapId=4204816&previousTitle=CBRE%20GROUP%20INC%20-%20A
CBS Corp B,CBS,Leslie   Moonves II,http://investing.businessweek.com/research/stocks/people/person.asp?personId=1103049&capId=27763231&previousCapId=27763231&previousTitle=CBS%20CORP-CLASS%20B%20NON%20VOTING
Celgene Corp,CELG,Robert J. Hugin MBA,http://investing.businessweek.com/research/stocks/people/person.asp?personId=258775&capId=258769&previousCapId=258769&previousTitle=CELGENE%20CORP
Centerpoint Energy Inc,CNP,Scott M. Prochazka,http://investing.businessweek.com/research/stocks/people/person.asp?personId=22370316&capId=279513&previousCapId=279513&previousTitle=CENTERPOINT%20ENERGY%20INC
CenturyLink Inc,CTL,Glen F. Post III,http://investing.businessweek.com/research/stocks/people/person.asp?personId=260153&capId=260149&previousCapId=260149&previousTitle=CENTURYLINK%20INC
Cerner Corp,CERN,Neal L. Patterson,http://investing.businessweek.com/research/stocks/people/person.asp?personId=259629&capId=259627&previousCapId=259627&previousTitle=CERNER%20CORP
CF Industries Holdings,CF,W. Anthony Will,http://investing.businessweek.com/research/stocks/people/person.asp?personId=33661203&capId=22357184&previousCapId=22357184&previousTitle=CF%20INDUSTRIES%20HOLDINGS%20INC
CH Robinson Worldwide Inc,CHRW,John P. Wiehoff,http://investing.businessweek.com/research/stocks/people/person.asp?personId=368474&capId=368470&previousCapId=368470&previousTitle=C.H.%20ROBINSON%20WORLDWIDE%20INC
Chesapeake Energy Corp,CHK,Robert Douglas Lawler,http://investing.businessweek.com/research/stocks/people/person.asp?personId=99610252&capId=323857&previousCapId=323857&previousTitle=CHESAPEAKE%20ENERGY%20CORP
Chevron Corp,CVX,John S. Watson,http://investing.businessweek.com/research/stocks/people/person.asp?personId=20462172&capId=98506&previousCapId=98506&previousTitle=CHEVRON%20CORP
Chipotle Mexican Grill Inc.,CMG,M. Steven Ells,http://investing.businessweek.com/research/stocks/people/person.asp?personId=4924463&capId=26446&previousCapId=26446&previousTitle=CHIPOTLE%20MEXICAN%20GRILL%20INC
Chubb Corp,CB,John D. Finnegan,http://investing.businessweek.com/research/stocks/people/person.asp?personId=177158&capId=261037&previousCapId=261037&previousTitle=CHUBB%20CORP
Cigna Corporation,CI,David M. Cordani,http://investing.businessweek.com/research/stocks/people/person.asp?personId=172945&capId=172899&previousCapId=172899&previousTitle=CIGNA%20CORP
Cincinnati Financial Corp,CINF,"Steven J. Johnston FCAS, MAAA, CFA",http://investing.businessweek.com/research/stocks/people/person.asp?personId=321998&capId=260681&previousCapId=260681&previousTitle=CINCINNATI%20FINANCIAL%20CORP
Cintas Corp,CTAS,Scott D. Farmer,http://investing.businessweek.com/research/stocks/people/person.asp?personId=260731&capId=260725&previousCapId=260725&previousTitle=CINTAS%20CORP
Cisco Systems Inc,CSCO,John T. Chambers,http://investing.businessweek.com/research/stocks/people/person.asp?personId=642553&capId=19691&previousCapId=19691&previousTitle=CISCO%20SYSTEMS%20INC
Citigroup Inc,C,Michael L. Corbat,http://investing.businessweek.com/research/stocks/people/person.asp?personId=27845305&capId=391687&previousCapId=391687&previousTitle=CITIGROUP%20INC
Citrix Systems Inc,CTXS,David James Henshall,http://investing.businessweek.com/research/stocks/people/person.asp?personId=2213924&capId=26524&previousCapId=26524&previousTitle=CITRIX%20SYSTEMS%20INC
Cliffs Natural Resources Inc,CLF,Gary Bernard Halverson,http://investing.businessweek.com/research/stocks/people/person.asp?personId=54686527&capId=261738&previousCapId=261738&previousTitle=CLIFFS%20NATURAL%20RESOURCES%20INC
Clorox Co,CLX,Donald R. Knauss,http://investing.businessweek.com/research/stocks/people/person.asp?personId=154400&capId=89450&previousCapId=89450&previousTitle=CLOROX%20COMPANY
CME Group Inc,CME,Phupinder S. Gill,http://investing.businessweek.com/research/stocks/people/person.asp?personId=3803683&capId=2004577&previousCapId=2004577&previousTitle=CME%20GROUP%20INC
CMS Energy Corp,CMS,John G. Russell,http://investing.businessweek.com/research/stocks/people/person.asp?personId=652553&capId=257682&previousCapId=257682&previousTitle=CMS%20ENERGY%20CORP
Coach Inc,COH,Victor   Luis,http://investing.businessweek.com/research/stocks/people/person.asp?personId=27063903&capId=526573&previousCapId=526573&previousTitle=COACH%20INC
Coca-Cola Co,KO,Muhtar   Kent,http://investing.businessweek.com/research/stocks/people/person.asp?personId=25036518&capId=26642&previousCapId=26642&previousTitle=COCA-COLA%20CO%2FTHE
Coca-Cola Enterprises,CCE,John Franklin Brock III,http://investing.businessweek.com/research/stocks/people/person.asp?personId=601008&capId=109130811&previousCapId=109130811&previousTitle=COCA-COLA%20ENTERPRISES
Cognizant Tech Solutions Corp,CTSH,Francisco   D'Souza,http://investing.businessweek.com/research/stocks/people/person.asp?personId=386042&capId=386024&previousCapId=386024&previousTitle=COGNIZANT%20TECH%20SOLUTIONS-A
Colgate-Palmolive Co,CL,Ian M. Cook,http://investing.businessweek.com/research/stocks/people/person.asp?personId=262289&capId=262247&previousCapId=262247&previousTitle=COLGATE-PALMOLIVE%20CO
Comcast Corp,CMCSA,Brian L. Roberts,http://investing.businessweek.com/research/stocks/people/person.asp?personId=173347&capId=173341&previousCapId=173341&previousTitle=COMCAST%20CORP-CLASS%20A
Comerica Inc (MI),CMA,Ralph W. Babb Jr.,http://investing.businessweek.com/research/stocks/people/person.asp?personId=318674&capId=318670&previousCapId=318670&previousTitle=COMERICA%20INC
Computer Sciences,CSC,John Michael Lawrie,http://investing.businessweek.com/research/stocks/people/person.asp?personId=29869411&capId=263093&previousCapId=263093&previousTitle=COMPUTER%20SCIENCES%20CORP
ConAgra Foods Inc,CAG,Gary M. Rodkin,http://investing.businessweek.com/research/stocks/people/person.asp?personId=1733514&capId=26893&previousCapId=26893&previousTitle=CONAGRA%20FOODS%20INC
ConocoPhillips,COP,Ryan M. Lance,http://investing.businessweek.com/research/stocks/people/person.asp?personId=8047740&capId=296527&previousCapId=296527&previousTitle=CONOCOPHILLIPS
CONSOL Energy Inc,CNX,J. Brett Harvey,http://investing.businessweek.com/research/stocks/people/person.asp?personId=399121&capId=399117&previousCapId=399117&previousTitle=CONSOL%20ENERGY%20INC
Consolidated Edison Inc,ED,John   McAvoy,http://investing.businessweek.com/research/stocks/people/person.asp?personId=53311149&capId=263295&previousCapId=263295&previousTitle=CONSOLIDATED%20EDISON%20INC
Constellation Brands Inc A,STZ,Robert S. Sands II,http://investing.businessweek.com/research/stocks/people/person.asp?personId=258595&capId=258589&previousCapId=258589&previousTitle=CONSTELLATION%20BRANDS%20INC-A
Corning Inc,GLW,Wendell P. Weeks,http://investing.businessweek.com/research/stocks/people/person.asp?personId=173874&capId=173840&previousCapId=173840&previousTitle=CORNING%20INC
Costco Wholesale Corp,COST,W. Craig Jelinek,http://investing.businessweek.com/research/stocks/people/person.asp?personId=200028&capId=92817&previousCapId=92817&previousTitle=COSTCO%20WHOLESALE%20CORP
Covidien Plc,COV,José E. Almeida,http://investing.businessweek.com/research/stocks/people/person.asp?personId=4048673&capId=31232183&previousCapId=31232183&previousTitle=COVIDIEN%20PLC
Crown Castle Intl Corp,CCI,W. Benjamin Moreland,http://investing.businessweek.com/research/stocks/people/person.asp?personId=228480&capId=27198&previousCapId=27198&previousTitle=CROWN%20CASTLE%20INTL%20CORP
CSX Corp,CSX,Michael Jon Ward,http://investing.businessweek.com/research/stocks/people/person.asp?personId=257990&capId=257948&previousCapId=257948&previousTitle=CSX%20CORP
Cummins Inc,CMI,N. Thomas Linebarger,http://investing.businessweek.com/research/stocks/people/person.asp?personId=547068&capId=265253&previousCapId=265253&previousTitle=CUMMINS%20INC
CVS Caremark Corp.,CVS,Larry J. Merlo,http://investing.businessweek.com/research/stocks/people/person.asp?personId=181995&capId=93625&previousCapId=93625&previousTitle=CVS%20CAREMARK%20CORP
Danaher Corp,DHR,H. Lawrence Culp Jr.,http://investing.businessweek.com/research/stocks/people/person.asp?personId=265629&capId=265621&previousCapId=265621&previousTitle=DANAHER%20CORP
Darden Restaurants Inc,DRI,Clarence   Otis Jr.,http://investing.businessweek.com/research/stocks/people/person.asp?personId=336164&capId=336160&previousCapId=336160&previousTitle=DARDEN%20RESTAURANTS%20INC
DaVita HealthCare Partners Inc,DVA,Kent J. Thiry,http://investing.businessweek.com/research/stocks/people/person.asp?personId=209979&capId=35644&previousCapId=35644&previousTitle=DAVITA%20HEALTHCARE%20PARTNERS%20I
Deere & Co,DE,Samuel R. Allen,http://investing.businessweek.com/research/stocks/people/person.asp?personId=4685128&capId=266112&previousCapId=266112&previousTitle=DEERE%20%26%20CO
Delphi Automotive PLC,DLPH,Rodney   O'Neal,http://investing.businessweek.com/research/stocks/people/person.asp?personId=396295&capId=59502420&previousCapId=59502420&previousTitle=DELPHI%20AUTOMOTIVE%20PLC
Delta Air Lines,DAL,Richard H. Anderson,http://investing.businessweek.com/research/stocks/people/person.asp?personId=331864&capId=266311&previousCapId=266311&previousTitle=DELTA%20AIR%20LINES%20INC
Denbury Resources Inc,DNR,Phil   Rykhoek Sr.,http://investing.businessweek.com/research/stocks/people/person.asp?personId=158486&capId=27490&previousCapId=27490&previousTitle=DENBURY%20RESOURCES%20INC
Dentsply Intl,XRAY,Bret W. Wise,http://investing.businessweek.com/research/stocks/people/person.asp?personId=176106&capId=27504&previousCapId=27504&previousTitle=DENTSPLY%20INTERNATIONAL%20INC
Devon Energy Corp,DVN,John   Richels,http://investing.businessweek.com/research/stocks/people/person.asp?personId=266516&capId=266510&previousCapId=266510&previousTitle=DEVON%20ENERGY%20CORPORATION
Diamond Offshore Drilling,DO,Marc Gerard Rex Edwards,http://investing.businessweek.com/research/stocks/people/person.asp?personId=45115158&capId=338612&previousCapId=338612&previousTitle=DIAMOND%20OFFSHORE%20DRILLING
DIRECTV,DTV,Michael D. White,http://investing.businessweek.com/research/stocks/people/person.asp?personId=185601&capId=29614&previousCapId=29614&previousTitle=DIRECTV
Discover Financial Services,DFS,David W. Nelms,http://investing.businessweek.com/research/stocks/people/person.asp?personId=218265&capId=3695566&previousCapId=3695566&previousTitle=DISCOVER%20FINANCIAL%20SERVICES
Discovery Communications Inc,DISCA,David M. Zaslav,http://investing.businessweek.com/research/stocks/people/person.asp?personId=612978&capId=22666093&previousCapId=22666093&previousTitle=DISCOVERY%20COMMUNICATIONS-A
Dollar General Corp,DG,Richard W. Dreiling,http://investing.businessweek.com/research/stocks/people/person.asp?personId=188174&capId=266974&previousCapId=266974&previousTitle=DOLLAR%20GENERAL%20CORP
Dollar Tree Inc,DLTR,Bob   Sasser,http://investing.businessweek.com/research/stocks/people/person.asp?personId=164261&capId=27685&previousCapId=27685&previousTitle=DOLLAR%20TREE%20INC
Dominion Resources Inc,D,Thomas F. Farrell II,http://investing.businessweek.com/research/stocks/people/person.asp?personId=267141&capId=267105&previousCapId=267105&previousTitle=DOMINION%20RESOURCES%20INC%2FVA
Dover Corp,DOV,Robert A. Livingston,http://investing.businessweek.com/research/stocks/people/person.asp?personId=21751010&capId=174901&previousCapId=174901&previousTitle=DOVER%20CORP
Dow Chemical,DOW,Andrew N. Liveris,http://investing.businessweek.com/research/stocks/people/person.asp?personId=8307189&capId=768440&previousCapId=768440&previousTitle=DOW%20CHEMICAL%20CO%2FTHE
Dr Pepper Snapple Group,DPS,Larry D. Young,http://investing.businessweek.com/research/stocks/people/person.asp?personId=191888&capId=9247431&previousCapId=9247431&previousTitle=DR%20PEPPER%20SNAPPLE%20GROUP%20INC
DTE Energy Co,DTE,Gerard M. Anderson,http://investing.businessweek.com/research/stocks/people/person.asp?personId=266636&capId=266598&previousCapId=266598&previousTitle=DTE%20ENERGY%20COMPANY
Duke Energy Corp,DUK,Lynn J. Good,http://investing.businessweek.com/research/stocks/people/person.asp?personId=5646475&capId=267850&previousCapId=267850&previousTitle=DUKE%20ENERGY%20CORP
Dun & Bradstreet Corp,DNB,Robert   Carrigan,http://investing.businessweek.com/research/stocks/people/person.asp?personId=22827489&capId=27755&previousCapId=27755&previousTitle=DUN%20%26%20BRADSTREET%20CORP
E*TRADE Financial Corp,ETFC,Paul Thomas Idzik,http://investing.businessweek.com/research/stocks/people/person.asp?personId=11115680&capId=27807&previousCapId=27807&previousTitle=E*TRADE%20FINANCIAL%20CORP
E. I. du Pont de Nemours and Company,DD,Ellen J. Kullman,http://investing.businessweek.com/research/stocks/people/person.asp?personId=12057226&capId=268053&previousCapId=268053&previousTitle=DU%20PONT%20(E.I.)%20DE%20NEMOURS
Eastman Chemical Co,EMN,Mark J. Costa,http://investing.businessweek.com/research/stocks/people/person.asp?personId=27483882&capId=109103&previousCapId=109103&previousTitle=EASTMAN%20CHEMICAL%20CO
Eaton Corp plc,ETN,Alexander M. Cutler,http://investing.businessweek.com/research/stocks/people/person.asp?personId=175267&capId=175265&previousCapId=175265&previousTitle=EATON%20CORP%20PLC
eBay Inc.,EBAY,John J. Donahoe,http://investing.businessweek.com/research/stocks/people/person.asp?personId=728527&capId=27862&previousCapId=27862&previousTitle=EBAY%20INC
Ecolab Inc,ECL,Douglas M. Baker Jr.,http://investing.businessweek.com/research/stocks/people/person.asp?personId=1092331&capId=268799&previousCapId=268799&previousTitle=ECOLAB%20INC
Edison Intl,EIX,Theodore F. Craver Jr.,http://investing.businessweek.com/research/stocks/people/person.asp?personId=301895&capId=301891&previousCapId=301891&previousTitle=EDISON%20INTERNATIONAL
Edwards Lifesciences Corp,EW,Michael A. Mussallem,http://investing.businessweek.com/research/stocks/people/person.asp?personId=411222&capId=411220&previousCapId=411220&previousTitle=EDWARDS%20LIFESCIENCES%20CORP
Electronic Arts,EA,Andrew   Wilson,http://investing.businessweek.com/research/stocks/people/person.asp?personId=183935413&capId=27963&previousCapId=27963&previousTitle=ELECTRONIC%20ARTS%20INC
EMC Corp,EMC,Joseph M. Tucci,http://investing.businessweek.com/research/stocks/people/person.asp?personId=135162&capId=121729&previousCapId=121729&previousTitle=EMC%20CORP%2FMA
Emerson Electric Co,EMR,David N. Farr,http://investing.businessweek.com/research/stocks/people/person.asp?personId=269239&capId=269231&previousCapId=269231&previousTitle=EMERSON%20ELECTRIC%20CO
Ensco PLC - CL A,ESV,Daniel W. Rabun,http://investing.businessweek.com/research/stocks/people/person.asp?personId=1133592&capId=269488&previousCapId=269488&previousTitle=ENSCO%20PLC-CL%20A
Entergy Corp,ETR,Leo P. Denault,http://investing.businessweek.com/research/stocks/people/person.asp?personId=9184593&capId=269764&previousCapId=269764&previousTitle=ENTERGY%20CORP
EOG Resources,EOG,William R. Thomas,http://investing.businessweek.com/research/stocks/people/person.asp?personId=22091832&capId=269660&previousCapId=269660&previousTitle=EOG%20RESOURCES%20INC
EQT Corporation,EQT,David L. Porges,http://investing.businessweek.com/research/stocks/people/person.asp?personId=269946&capId=269924&previousCapId=269924&previousTitle=EQT%20CORP
Equifax Inc,EFX,Richard F. Smith,http://investing.businessweek.com/research/stocks/people/person.asp?personId=25228229&capId=175749&previousCapId=175749&previousTitle=EQUIFAX%20INC
Equity Residential,EQR,David J. Neithercut,http://investing.businessweek.com/research/stocks/people/person.asp?personId=200902&capId=28209&previousCapId=28209&previousTitle=EQUITY%20RESIDENTIAL
Estee Lauder Cos.,EL,Fabrizio   Freda,http://investing.businessweek.com/research/stocks/people/person.asp?personId=2989244&capId=207221&previousCapId=207221&previousTitle=ESTEE%20LAUDER%20COMPANIES-CL%20A
Exelon Corp,EXC,Christopher M. Crane,http://investing.businessweek.com/research/stocks/people/person.asp?personId=8593570&capId=296181&previousCapId=296181&previousTitle=EXELON%20CORP
Expedia,EXPE,Dara   Khosrowshahi,http://investing.businessweek.com/research/stocks/people/person.asp?personId=534990&capId=25915843&previousCapId=25915843&previousTitle=EXPEDIA%20INC
Expeditors Intl of WA Inc,EXPD,Jeffrey S. Musser,http://investing.businessweek.com/research/stocks/people/person.asp?personId=26467490&capId=270071&previousCapId=270071&previousTitle=EXPEDITORS%20INTL%20WASH%20INC
Express Scripts Holding Co.,ESRX,George   Paz,http://investing.businessweek.com/research/stocks/people/person.asp?personId=317981&capId=317975&previousCapId=317975&previousTitle=EXPRESS%20SCRIPTS%20HOLDING%20CO
Exxon Mobil Corp,XOM,Rex W. Tillerson,http://investing.businessweek.com/research/stocks/people/person.asp?personId=1127018&capId=406338&previousCapId=406338&previousTitle=EXXON%20MOBIL%20CORP
F5 Networks Inc,FFIV,John   McAdam,http://investing.businessweek.com/research/stocks/people/person.asp?personId=232570&capId=90323&previousCapId=90323&previousTitle=F5%20NETWORKS%20INC
Facebook Inc,FB,Mark   Zuckerberg,http://investing.businessweek.com/research/stocks/people/person.asp?personId=20765910&capId=20765463&previousCapId=20765463&previousTitle=FACEBOOK%20INC-A
Family Dollar Stores Inc,FDO,Howard R. Levine,http://investing.businessweek.com/research/stocks/people/person.asp?personId=270826&capId=270820&previousCapId=270820&previousTitle=FAMILY%20DOLLAR%20STORES
Fastenal Co,FAST,Willard D. Oberton,http://investing.businessweek.com/research/stocks/people/person.asp?personId=270753&capId=270747&previousCapId=270747&previousTitle=FASTENAL%20CO
FedEx Corp,FDX,Frederick W. Smith,http://investing.businessweek.com/research/stocks/people/person.asp?personId=529522&capId=124423&previousCapId=124423&previousTitle=FEDEX%20CORP
Fidelity National Information,FIS,Frank R. Martire,http://investing.businessweek.com/research/stocks/people/person.asp?personId=157400&capId=10081196&previousCapId=10081196&previousTitle=FIDELITY%20NATIONAL%20INFORMATIO
Fifth Third Bancorp (OH),FITB,Kevin T. Kabat,http://investing.businessweek.com/research/stocks/people/person.asp?personId=611975&capId=270961&previousCapId=270961&previousTitle=FIFTH%20THIRD%20BANCORP
First Solar Inc,FSLR,James A. Hughes,http://investing.businessweek.com/research/stocks/people/person.asp?personId=1025479&capId=4593731&previousCapId=4593731&previousTitle=FIRST%20SOLAR%20INC
FirstEnergy Corp,FE,Anthony J. Alexander,http://investing.businessweek.com/research/stocks/people/person.asp?personId=293519&capId=293515&previousCapId=293515&previousTitle=FIRSTENERGY%20CORP
Fiserv Inc,FISV,Jeffery W. Yabuki,http://investing.businessweek.com/research/stocks/people/person.asp?personId=505341&capId=128209&previousCapId=128209&previousTitle=FISERV%20INC
FLIR Systems Inc,FLIR,Andrew C. Teich,http://investing.businessweek.com/research/stocks/people/person.asp?personId=327432&capId=327408&previousCapId=327408&previousTitle=FLIR%20SYSTEMS%20INC
Flowserve Corp,FLS,Mark A. Blinn,http://investing.businessweek.com/research/stocks/people/person.asp?personId=12219519&capId=267555&previousCapId=267555&previousTitle=FLOWSERVE%20CORP
Fluor Corp,FLR,David T. Seaton,http://investing.businessweek.com/research/stocks/people/person.asp?personId=32990830&capId=655659&previousCapId=655659&previousTitle=FLUOR%20CORP
FMC Corp,FMC,Pierre R. Brondeau,http://investing.businessweek.com/research/stocks/people/person.asp?personId=300688&capId=28606&previousCapId=28606&previousTitle=FMC%20CORP
FMC Technologies Inc,FTI,John T. Gremp,http://investing.businessweek.com/research/stocks/people/person.asp?personId=9394684&capId=972117&previousCapId=972117&previousTitle=FMC%20TECHNOLOGIES%20INC
Ford Motor Co,F,Alan R. Mulally,http://investing.businessweek.com/research/stocks/people/person.asp?personId=370889&capId=106335&previousCapId=106335&previousTitle=FORD%20MOTOR%20CO
Forest Laboratories,FRX,Brenton L. Saunders J.D.,http://investing.businessweek.com/research/stocks/people/person.asp?personId=7321291&capId=273276&previousCapId=273276&previousTitle=FOREST%20LABORATORIES%20INC
Fossil Group Inc,FOSL,Kosta N. Kartsotis,http://investing.businessweek.com/research/stocks/people/person.asp?personId=317041&capId=317037&previousCapId=317037&previousTitle=FOSSIL%20GROUP%20INC
Franklin Resources Inc,BEN,Gregory Eugene Johnson CPA,http://investing.businessweek.com/research/stocks/people/person.asp?personId=176727&capId=28703&previousCapId=28703&previousTitle=FRANKLIN%20RESOURCES%20INC
Freeport McMoRan Copper & Gold,FCX,Richard C. Adkerson,http://investing.businessweek.com/research/stocks/people/person.asp?personId=338733&capId=273607&previousCapId=273607&previousTitle=FREEPORT-MCMORAN%20COPPER
Frontier Communications Corp,FTR,Mary Agnes Wilderotter,http://investing.businessweek.com/research/stocks/people/person.asp?personId=235419&capId=261171&previousCapId=261171&previousTitle=FRONTIER%20COMMUNICATIONS%20CORP
GameStop Corp A,GME,J. Paul Raines,http://investing.businessweek.com/research/stocks/people/person.asp?personId=13396973&capId=1342560&previousCapId=1342560&previousTitle=GAMESTOP%20CORP-CLASS%20A
Gannett Co Inc,GCI,Gracia C. Martore,http://investing.businessweek.com/research/stocks/people/person.asp?personId=176942&capId=20571&previousCapId=20571&previousTitle=GANNETT%20CO
Gap Inc,GPS,Glenn K. Murphy,http://investing.businessweek.com/research/stocks/people/person.asp?personId=931736&capId=274265&previousCapId=274265&previousTitle=GAP%20INC%2FTHE
Garmin Ltd,GRMN,Clifton A. Pemble,http://investing.businessweek.com/research/stocks/people/person.asp?personId=9426742&capId=598655&previousCapId=598655&previousTitle=GARMIN%20LTD
General Dynamics,GD,Phebe N. Novakovic,http://investing.businessweek.com/research/stocks/people/person.asp?personId=3375382&capId=274561&previousCapId=274561&previousTitle=GENERAL%20DYNAMICS%20CORP
General Electric Co,GE,Jeffrey R. Immelt,http://investing.businessweek.com/research/stocks/people/person.asp?personId=177075&capId=177031&previousCapId=177031&previousTitle=GENERAL%20ELECTRIC%20CO
General Growth Properties Inc,GGP,Sandeep Lakhmi Mathrani,http://investing.businessweek.com/research/stocks/people/person.asp?personId=2201445&capId=328377&previousCapId=328377&previousTitle=GENERAL%20GROWTH%20PROPERTIES
General Mills Inc,GIS,Kendall J. Powell,http://investing.businessweek.com/research/stocks/people/person.asp?personId=274757&capId=274715&previousCapId=274715&previousTitle=GENERAL%20MILLS%20INC
General Motors Company,GM,Mary T. Barra,http://investing.businessweek.com/research/stocks/people/person.asp?personId=40221799&capId=61206100&previousCapId=61206100&previousTitle=GENERAL%20MOTORS%20CO
Genuine Parts Co,GPC,Thomas C. Gallagher,http://investing.businessweek.com/research/stocks/people/person.asp?personId=275038&capId=275034&previousCapId=275034&previousTitle=GENUINE%20PARTS%20CO
Genworth Financial Inc,GNW,Thomas Joseph McInerney,http://investing.businessweek.com/research/stocks/people/person.asp?personId=10063920&capId=8598029&previousCapId=8598029&previousTitle=GENWORTH%20FINANCIAL%20INC-CL%20A
Gilead Sciences Inc,GILD,John C. Martin Ph.D.,http://investing.businessweek.com/research/stocks/people/person.asp?personId=199167&capId=29002&previousCapId=29002&previousTitle=GILEAD%20SCIENCES%20INC
Goldman Sachs Group Inc,GS,Lloyd C. Blankfein,http://investing.businessweek.com/research/stocks/people/person.asp?personId=1890111&capId=398625&previousCapId=398625&previousTitle=GOLDMAN%20SACHS%20GROUP%20INC
Goodyear Tire & Rubber Co,GT,Richard J. Kramer,http://investing.businessweek.com/research/stocks/people/person.asp?personId=1094496&capId=275789&previousCapId=275789&previousTitle=GOODYEAR%20TIRE%20%26%20RUBBER%20CO
Google Inc,GOOG,Lawrence   Page,http://investing.businessweek.com/research/stocks/people/person.asp?personId=534594&capId=29096&previousCapId=29096&previousTitle=GOOGLE%20INC-CL%20A
Graham Holdings Co,GHC,Donald E. Graham,http://investing.businessweek.com/research/stocks/people/person.asp?personId=191668&capId=91675&previousCapId=91675&previousTitle=GRAHAM%20HOLDINGS%20CO-CLASS%20B
Grainger W.W. Inc,GWW,James T. Ryan,http://investing.businessweek.com/research/stocks/people/person.asp?personId=1176487&capId=276060&previousCapId=276060&previousTitle=WW%20GRAINGER%20INC
Halliburton Co,HAL,"David J. Lesar B.Sc., M.B.A., C.P.A.",http://investing.businessweek.com/research/stocks/people/person.asp?personId=177704&capId=177698&previousCapId=177698&previousTitle=HALLIBURTON%20CO
Harley-Davidson Inc,HOG,Keith E. Wandell,http://investing.businessweek.com/research/stocks/people/person.asp?personId=282634&capId=277444&previousCapId=277444&previousTitle=HARLEY-DAVIDSON%20INC
Harman Intl Industries Inc,HAR,Dinesh C. Paliwal,http://investing.businessweek.com/research/stocks/people/person.asp?personId=1444255&capId=29279&previousCapId=29279&previousTitle=HARMAN%20INTERNATIONAL
Harris Corp,HRS,William M. Brown,http://investing.businessweek.com/research/stocks/people/person.asp?personId=8974152&capId=177934&previousCapId=177934&previousTitle=HARRIS%20CORP
Hartford Finl Services Group,HIG,Liam E. McGee,http://investing.businessweek.com/research/stocks/people/person.asp?personId=4279525&capId=341546&previousCapId=341546&previousTitle=HARTFORD%20FINANCIAL%20SVCS%20GRP
Hasbro Inc,HAS,Brian D. Goldner,http://investing.businessweek.com/research/stocks/people/person.asp?personId=1095883&capId=277746&previousCapId=277746&previousTitle=HASBRO%20INC
HCP Inc,HCP,Lauralee E. Martin,http://investing.businessweek.com/research/stocks/people/person.asp?personId=128952&capId=277966&previousCapId=277966&previousTitle=HCP%20INC
Health Care REIT Inc,HCN,George L. Chapman J.D.,http://investing.businessweek.com/research/stocks/people/person.asp?personId=277916&capId=277914&previousCapId=277914&previousTitle=HEALTH%20CARE%20REIT%20INC
Helmerich & Payne Inc,HP,John W. Lindsay,http://investing.businessweek.com/research/stocks/people/person.asp?personId=26217752&capId=278341&previousCapId=278341&previousTitle=HELMERICH%20%26%20PAYNE
Hershey Foods Corp,HSY,John P. Bilbrey,http://investing.businessweek.com/research/stocks/people/person.asp?personId=9504038&capId=98873&previousCapId=98873&previousTitle=HERSHEY%20CO%2FTHE
Hess Corp,HES,John B. Hess,http://investing.businessweek.com/research/stocks/people/person.asp?personId=249843&capId=249841&previousCapId=249841&previousTitle=HESS%20CORP
Hewlett-Packard Co,HPQ,Margaret C. Whitman,http://investing.businessweek.com/research/stocks/people/person.asp?personId=229136&capId=108856&previousCapId=108856&previousTitle=HEWLETT-PACKARD%20CO
Home Depot Inc,HD,Francis S. Blake,http://investing.businessweek.com/research/stocks/people/person.asp?personId=177091&capId=278679&previousCapId=278679&previousTitle=HOME%20DEPOT%20INC
Honeywell Intl Inc,HON,David M. Cote J.D.,http://investing.businessweek.com/research/stocks/people/person.asp?personId=161604&capId=1340740&previousCapId=1340740&previousTitle=HONEYWELL%20INTERNATIONAL%20INC
Hormel Foods Corp,HRL,Jeffrey M. Ettinger,http://investing.businessweek.com/research/stocks/people/person.asp?personId=279086&capId=279042&previousCapId=279042&previousTitle=HORMEL%20FOODS%20CORP
Horton D.R. Inc,DHI,Donald J. Tomnitz,http://investing.businessweek.com/research/stocks/people/person.asp?personId=194853&capId=107405&previousCapId=107405&previousTitle=DR%20HORTON%20INC
Hospira Inc,HSP,F. Michael Ball,http://investing.businessweek.com/research/stocks/people/person.asp?personId=249235&capId=9681063&previousCapId=9681063&previousTitle=HOSPIRA%20INC
Host Hotels & Resorts Inc,HST,W. Edward Walter,http://investing.businessweek.com/research/stocks/people/person.asp?personId=1515725&capId=29574&previousCapId=29574&previousTitle=HOST%20HOTELS%20%26%20RESORTS%20INC
Hudson City Bancorp,HCBK,Ronald E. Hermance Jr.,http://investing.businessweek.com/research/stocks/people/person.asp?personId=401062&capId=401058&previousCapId=401058&previousTitle=HUDSON%20CITY%20BANCORP%20INC
Humana Inc,HUM,Bruce D. Broussard,http://investing.businessweek.com/research/stocks/people/person.asp?personId=655958&capId=29618&previousCapId=29618&previousTitle=HUMANA%20INC
Huntington Bancshares (OH),HBAN,Stephen D. Steinour,http://investing.businessweek.com/research/stocks/people/person.asp?personId=1001702&capId=278614&previousCapId=278614&previousTitle=HUNTINGTON%20BANCSHARES%20INC
Illinois Tool Works Inc,ITW,E. Scott Santi,http://investing.businessweek.com/research/stocks/people/person.asp?personId=20930401&capId=280561&previousCapId=280561&previousTitle=ILLINOIS%20TOOL%20WORKS
Ingersoll-Rand Plc,IR,Michael W. Lamach,http://investing.businessweek.com/research/stocks/people/person.asp?personId=9221307&capId=280944&previousCapId=280944&previousTitle=INGERSOLL-RAND%20PLC
Integrys Energy Group Inc,TEG,Charles A. Schrock,http://investing.businessweek.com/research/stocks/people/person.asp?personId=2360209&capId=315149&previousCapId=315149&previousTitle=INTEGRYS%20ENERGY%20GROUP%20INC
Intel Corp,INTC,Brian M. Krzanich,http://investing.businessweek.com/research/stocks/people/person.asp?personId=25004787&capId=21127&previousCapId=21127&previousTitle=INTEL%20CORP
IntercontinentalExchange Group,ICE,Jeffrey C. Sprecher,http://investing.businessweek.com/research/stocks/people/person.asp?personId=10198726&capId=1081952&previousCapId=1081952&previousTitle=INTERCONTINENTALEXCHANGE%20GRO
Interpublic Group Cos,IPG,James J. Ethridge Jr.,http://investing.businessweek.com/research/stocks/people/person.asp?personId=42192979&capId=108616&previousCapId=108616&previousTitle=INTERPUBLIC%20GROUP%20OF%20COS%20INC
Intl Business Machines Corp,IBM,Virginia M. Rometty,http://investing.businessweek.com/research/stocks/people/person.asp?personId=23314014&capId=112350&previousCapId=112350&previousTitle=INTL%20BUSINESS%20MACHINES%20CORP
Intl Flavors & Fragrances,IFF,"Douglas D. Tough MBA, BBA",http://investing.businessweek.com/research/stocks/people/person.asp?personId=6404733&capId=281407&previousCapId=281407&previousTitle=INTL%20FLAVORS%20%26%20FRAGRANCES
Intl Game Technology,IGT,Patti S. Hart,http://investing.businessweek.com/research/stocks/people/person.asp?personId=164477&capId=281438&previousCapId=281438&previousTitle=INTL%20GAME%20TECHNOLOGY
Intl Paper Co,IP,John V. Faraci,http://investing.businessweek.com/research/stocks/people/person.asp?personId=179385&capId=61036&previousCapId=61036&previousTitle=INTERNATIONAL%20PAPER%20CO
Intuit Inc,INTU,Brad D. Smith,http://investing.businessweek.com/research/stocks/people/person.asp?personId=9588111&capId=21171&previousCapId=21171&previousTitle=INTUIT%20INC
Intuitive Surgical Inc,ISRG,Gary S. Guthart Ph.D.,http://investing.businessweek.com/research/stocks/people/person.asp?personId=8005307&capId=30239&previousCapId=30239&previousTitle=INTUITIVE%20SURGICAL%20INC
Invesco Ltd,IVZ,"Martin L. Flanagan CFA, CPA",http://investing.businessweek.com/research/stocks/people/person.asp?personId=307694&capId=384779&previousCapId=384779&previousTitle=INVESCO%20LTD
Iron Mountain Inc,IRM,"William L. Meaney BSc,MEng,MSIA",http://investing.businessweek.com/research/stocks/people/person.asp?personId=5685804&capId=30292&previousCapId=30292&previousTitle=IRON%20MOUNTAIN%20INC
Jabil Circuit Inc,JBL,Mark T. Mondello,http://investing.businessweek.com/research/stocks/people/person.asp?personId=198292&capId=96078&previousCapId=96078&previousTitle=JABIL%20CIRCUIT%20INC
Jacobs Engineering Group Inc,JEC,Craig L. Martin,http://investing.businessweek.com/research/stocks/people/person.asp?personId=282191&capId=282159&previousCapId=282159&previousTitle=JACOBS%20ENGINEERING%20GROUP%20INC
Johnson & Johnson,JNJ,Alex   Gorsky,http://investing.businessweek.com/research/stocks/people/person.asp?personId=9897075&capId=139677&previousCapId=139677&previousTitle=JOHNSON%20%26%20JOHNSON
Johnson Controls Inc,JCI,Alex A. Molinaroli,http://investing.businessweek.com/research/stocks/people/person.asp?personId=10119748&capId=282590&previousCapId=282590&previousTitle=JOHNSON%20CONTROLS%20INC
Joy Global Inc,JOY,Edward L. Doheny II,http://investing.businessweek.com/research/stocks/people/person.asp?personId=27403729&capId=277517&previousCapId=277517&previousTitle=JOY%20GLOBAL%20INC
JP Morgan Chase & Co,JPM,James   Dimon,http://investing.businessweek.com/research/stocks/people/person.asp?personId=170444&capId=658776&previousCapId=658776&previousTitle=JPMORGAN%20CHASE%20%26%20CO
Juniper Networks Inc,JNPR,Shaygan   Kheradpir Ph.D.,http://investing.businessweek.com/research/stocks/people/person.asp?personId=30913474&capId=30439&previousCapId=30439&previousTitle=JUNIPER%20NETWORKS%20INC
Kansas City Southern Inc,KSU,David L. Starling,http://investing.businessweek.com/research/stocks/people/person.asp?personId=45842783&capId=30472&previousCapId=30472&previousTitle=KANSAS%20CITY%20SOUTHERN
Kellogg Co,K,John A. Bryant,http://investing.businessweek.com/research/stocks/people/person.asp?personId=1570528&capId=283356&previousCapId=283356&previousTitle=KELLOGG%20CO
KeyCorp,KEY,Beth E. Mooney,http://investing.businessweek.com/research/stocks/people/person.asp?personId=170442&capId=329376&previousCapId=329376&previousTitle=KEYCORP
Kimberly-Clark,KMB,Thomas J. Falk,http://investing.businessweek.com/research/stocks/people/person.asp?personId=283861&capId=283857&previousCapId=283857&previousTitle=KIMBERLY-CLARK%20CORP
Kimco Realty Corp,KIM,David B. Henry,http://investing.businessweek.com/research/stocks/people/person.asp?personId=792527&capId=320371&previousCapId=320371&previousTitle=KIMCO%20REALTY%20CORP
Kinder Morgan Inc,KMI,Richard D. Kinder,http://investing.businessweek.com/research/stocks/people/person.asp?personId=179864&capId=901598&previousCapId=34952431&previousTitle=KINDER%20MORGAN%20INC
KLA-Tencor Corporation,KLAC,Richard P. Wallace,http://investing.businessweek.com/research/stocks/people/person.asp?personId=282263&capId=282225&previousCapId=282225&previousTitle=KLA-TENCOR%20CORPORATION
Kohl's Corp,KSS,Kevin   Mansell,http://investing.businessweek.com/research/stocks/people/person.asp?personId=193985&capId=61243&previousCapId=61243&previousTitle=KOHLS%20CORP
Kraft Foods Group Inc.,KRFT,W. Anthony Vernon,http://investing.businessweek.com/research/stocks/people/person.asp?personId=21947440&capId=4155690&previousCapId=4155690&previousTitle=KRAFT%20FOODS%20GROUP%20INC
Kroger Co,KR,W. Rodney McMullen,http://investing.businessweek.com/research/stocks/people/person.asp?personId=1147082&capId=284342&previousCapId=284342&previousTitle=KROGER%20CO
L Brands Inc,LB,Leslie H. Wexner,http://investing.businessweek.com/research/stocks/people/person.asp?personId=285546&capId=285544&previousCapId=285544&previousTitle=L%20BRANDS%20INC
L-3 Communications Holdings,LLL,Michael T. Strianese,http://investing.businessweek.com/research/stocks/people/person.asp?personId=225956&capId=93538&previousCapId=93538&previousTitle=L-3%20COMMUNICATIONS%20HOLDINGS
Lab Corp of America Hldgs,LH,David P. King,http://investing.businessweek.com/research/stocks/people/person.asp?personId=22167107&capId=30643&previousCapId=30643&previousTitle=LABORATORY%20CRP%20OF%20AMER%20HLDGS
Lam Research Corp,LRCX,Martin B. Anstice,http://investing.businessweek.com/research/stocks/people/person.asp?personId=10244532&capId=30655&previousCapId=30655&previousTitle=LAM%20RESEARCH%20CORP
Legg Mason Inc,LM,Joseph A. Sullivan,http://investing.businessweek.com/research/stocks/people/person.asp?personId=1534260&capId=180481&previousCapId=180481&previousTitle=LEGG%20MASON%20INC
Leggett & Platt,LEG,David S. Haffner,http://investing.businessweek.com/research/stocks/people/person.asp?personId=180536&capId=30760&previousCapId=30760&previousTitle=LEGGETT%20%26%20PLATT%20INC
Lennar Corp,LEN,Stuart A. Miller,http://investing.businessweek.com/research/stocks/people/person.asp?personId=180627&capId=30763&previousCapId=30763&previousTitle=LENNAR%20CORP-A
Leucadia National Corp (NY),LUK,Richard B. Handler,http://investing.businessweek.com/research/stocks/people/person.asp?personId=281865&capId=285359&previousCapId=285359&previousTitle=LEUCADIA%20NATIONAL%20CORP
Life Technologies Corp,LIFE,Yacov   Geva,http://investing.businessweek.com/research/stocks/people/person.asp?personId=514616&capId=26076&previousCapId=26076&previousTitle=LIFEWATCH%20AG-REG
Lilly Eli & Co,LLY,John C. Lechleiter Ph.D.,http://investing.businessweek.com/research/stocks/people/person.asp?personId=285499&capId=285467&previousCapId=285467&previousTitle=ELI%20LILLY%20%26%20CO
Lincoln National Corp,LNC,Dennis R. Glass,http://investing.businessweek.com/research/stocks/people/person.asp?personId=282389&capId=867423&previousCapId=867423&previousTitle=LINCOLN%20NATIONAL%20CORP
Linear Technology Corp,LLTC,Lothar   Maier,http://investing.businessweek.com/research/stocks/people/person.asp?personId=180353&capId=30843&previousCapId=30843&previousTitle=LINEAR%20TECHNOLOGY%20CORP
Lockheed Martin,LMT,Marillyn A. Hewson,http://investing.businessweek.com/research/stocks/people/person.asp?personId=3110423&capId=285827&previousCapId=285827&previousTitle=LOCKHEED%20MARTIN%20CORP
Loews Corp,L,James S. Tisch,http://investing.businessweek.com/research/stocks/people/person.asp?personId=285936&capId=285930&previousCapId=285930&previousTitle=LOEWS%20CORP
Lorillard Inc,LO,Murray S. Kessler,http://investing.businessweek.com/research/stocks/people/person.asp?personId=190884&capId=4180255&previousCapId=4180255&previousTitle=LORILLARD%20INC
Lowe's Cos Inc,LOW,Robert A. Niblock,http://investing.businessweek.com/research/stocks/people/person.asp?personId=180875&capId=180871&previousCapId=180871&previousTitle=LOWE'S%20COS%20INC
LSI Corporation,LSI,Abhijit Y. Talwalkar,http://investing.businessweek.com/research/stocks/people/person.asp?personId=13666894&capId=30956&previousCapId=30956&previousTitle=LSI%20CORP
LyondellBasell Industries N.V.,LYB,James L. Gallogly,http://investing.businessweek.com/research/stocks/people/person.asp?personId=1429487&capId=792424&previousCapId=792424&previousTitle=LYONDELLBASELL%20INDU-CL%20A
M&T Bank Corp,MTB,Robert G. Wilmers,http://investing.businessweek.com/research/stocks/people/person.asp?personId=272287&capId=272285&previousCapId=272285&previousTitle=M%20%26%20T%20BANK%20CORP
Macerich Co,MAC,Arthur M. Coppola CPA,http://investing.businessweek.com/research/stocks/people/person.asp?personId=332178&capId=332172&previousCapId=332172&previousTitle=MACERICH%20CO%2FTHE
Macy's Inc,M,Terry J. Lundgren,http://investing.businessweek.com/research/stocks/people/person.asp?personId=318097&capId=318091&previousCapId=318091&previousTitle=MACY'S%20INC
Marathon Oil Corp,MRO,Lee M. Tillman,http://investing.businessweek.com/research/stocks/people/person.asp?personId=243976248&capId=314842&previousCapId=314842&previousTitle=MARATHON%20OIL%20CORP
Marathon Petroleum Corp.,MPC,Gary R. Heminger,http://investing.businessweek.com/research/stocks/people/person.asp?personId=6450091&capId=118315802&previousCapId=118315802&previousTitle=MARATHON%20PETROLEUM%20CORP
Marriott Intl A,MAR,Arne M. Sorenson,http://investing.businessweek.com/research/stocks/people/person.asp?personId=159621&capId=31148&previousCapId=31148&previousTitle=MARRIOTT%20INTERNATIONAL%20-CL%20A
Marsh & McLennan Companies,MMC,Daniel S. Glaser,http://investing.businessweek.com/research/stocks/people/person.asp?personId=24424024&capId=473342&previousCapId=473342&previousTitle=MARSH%20%26%20MCLENNAN%20COS
Masco Corp,MAS,Keith J. Allman,http://investing.businessweek.com/research/stocks/people/person.asp?personId=33916838&capId=181478&previousCapId=181478&previousTitle=MASCO%20CORP
Mastercard Inc A,MA,Ajaypal S. Banga,http://investing.businessweek.com/research/stocks/people/person.asp?personId=23673920&capId=6477196&previousCapId=6477196&previousTitle=MASTERCARD%20INC-CLASS%20A
Mattel Inc,MAT,Bryan G. Stockton,http://investing.businessweek.com/research/stocks/people/person.asp?personId=7799783&capId=31197&previousCapId=31197&previousTitle=MATTEL%20INC
McCormick & Co,MKC,Alan D. Wilson,http://investing.businessweek.com/research/stocks/people/person.asp?personId=4876002&capId=181176&previousCapId=181176&previousTitle=MCCORMICK%20%26%20CO-NON%20VTG%20SHRS
McDonald's Corp,MCD,Donald   Thompson,http://investing.businessweek.com/research/stocks/people/person.asp?personId=547420&capId=139488&previousCapId=139488&previousTitle=MCDONALD'S%20CORP
McGraw Hill Financial Inc,MHFI,Douglas L. Peterson,http://investing.businessweek.com/research/stocks/people/person.asp?personId=9965368&capId=883103&previousCapId=21719&previousTitle=MCGRAW%20HILL%20FINANCIAL%20INC
McKesson Corp,MCK,John H. Hammergren,http://investing.businessweek.com/research/stocks/people/person.asp?personId=288199&capId=288195&previousCapId=288195&previousTitle=MCKESSON%20CORP
Mead Johnson Nutrition Co,MJN,Peter Kasper Jakobsen,http://investing.businessweek.com/research/stocks/people/person.asp?personId=49065779&capId=1002291&previousCapId=1002291&previousTitle=MEAD%20JOHNSON%20NUTRITION%20CO
MeadWestvaco Corp,MWV,John A. Luke Jr.,http://investing.businessweek.com/research/stocks/people/person.asp?personId=314314&capId=314312&previousCapId=314312&previousTitle=MEADWESTVACO%20CORP
Medtronic Inc,MDT,Omar S. Ishrak,http://investing.businessweek.com/research/stocks/people/person.asp?personId=34960623&capId=31348&previousCapId=31348&previousTitle=MEDTRONIC%20INC
Merck & Co Inc,MRK,Kenneth C. Frazier,http://investing.businessweek.com/research/stocks/people/person.asp?personId=288534&capId=288502&previousCapId=288502&previousTitle=MERCK%20%26%20CO.%20INC.
Metlife Inc,MET,Steven A. Kandarian J.D.,http://investing.businessweek.com/research/stocks/people/person.asp?personId=80887&capId=185648&previousCapId=185648&previousTitle=METLIFE%20INC
Michael Kors Holdings Ltd,KORS,John D. Idol,http://investing.businessweek.com/research/stocks/people/person.asp?personId=347653&capId=143971118&previousCapId=143971118&previousTitle=MICHAEL%20KORS%20HOLDINGS%20LTD
Microchip Technology Inc,MCHP,Steve   Sanghi,http://investing.businessweek.com/research/stocks/people/person.asp?personId=198121&capId=31500&previousCapId=31500&previousTitle=MICROCHIP%20TECHNOLOGY%20INC
Micron Technology Inc,MU,D. Mark Durcan,http://investing.businessweek.com/research/stocks/people/person.asp?personId=289058&capId=289030&previousCapId=289030&previousTitle=MICRON%20TECHNOLOGY%20INC
Microsoft Corp,MSFT,Satya   Nadella,http://investing.businessweek.com/research/stocks/people/person.asp?personId=1540690&capId=21835&previousCapId=21835&previousTitle=MICROSOFT%20CORP
Mohawk Industries Inc,MHK,Jeffrey S. Lorberbaum,http://investing.businessweek.com/research/stocks/people/person.asp?personId=154543&capId=31670&previousCapId=31670&previousTitle=MOHAWK%20INDUSTRIES%20INC
Molson Coors Brewing Co B,TAP,Peter S. Swinburn,http://investing.businessweek.com/research/stocks/people/person.asp?personId=9516783&capId=263765&previousCapId=263765&previousTitle=MOLSON%20COORS%20BREWING%20CO%20-B
Mondelez International Inc,MDLZ,Irene B. Rosenfeld,http://investing.businessweek.com/research/stocks/people/person.asp?personId=616556&capId=739693&previousCapId=739693&previousTitle=MONDELEZ%20INTERNATIONAL%20INC-A
Monsanto Co.,MON,Hugh   Grant,http://investing.businessweek.com/research/stocks/people/person.asp?personId=550651&capId=528414&previousCapId=528414&previousTitle=MONSANTO%20CO
Monster Beverage Corp,MNST,Rodney C. Sacks,http://investing.businessweek.com/research/stocks/people/person.asp?personId=343731&capId=343729&previousCapId=343729&previousTitle=MONSTER%20BEVERAGE%20CORP
Moody's Corp,MCO,Raymond W. McDaniel Jr.,http://investing.businessweek.com/research/stocks/people/person.asp?personId=528332&capId=528325&previousCapId=528325&previousTitle=MOODY'S%20CORP
Morgan Stanley,MS,James P. Gorman,http://investing.businessweek.com/research/stocks/people/person.asp?personId=1364260&capId=472898&previousCapId=472898&previousTitle=MORGAN%20STANLEY
Mosaic Co,MOS,James T. Prokopanko,http://investing.businessweek.com/research/stocks/people/person.asp?personId=3077422&capId=890498&previousCapId=890498&previousTitle=MOSAIC%20CO%2FTHE
Motorola Solutions Inc,MSI,Gregory Q. Brown,http://investing.businessweek.com/research/stocks/people/person.asp?personId=223840&capId=99186&previousCapId=99186&previousTitle=MOTOROLA%20SOLUTIONS%20INC
Murphy Oil Corp,MUR,Roger W. Jenkins,http://investing.businessweek.com/research/stocks/people/person.asp?personId=61788041&capId=290060&previousCapId=290060&previousTitle=MURPHY%20OIL%20CORP
Mylan Inc.,MYL,Heather   Bresch,http://investing.businessweek.com/research/stocks/people/person.asp?personId=22335880&capId=290203&previousCapId=290203&previousTitle=MYLAN%20INC
Nabors Industries Ltd,NBR,Anthony G. Petrello,http://investing.businessweek.com/research/stocks/people/person.asp?personId=290691&capId=290681&previousCapId=290681&previousTitle=NABORS%20INDUSTRIES%20LTD
Nasdaq OMX Group/The,NDAQ,Robert   Greifeld,http://investing.businessweek.com/research/stocks/people/person.asp?personId=386465&capId=740535&previousCapId=740535&previousTitle=NASDAQ%20OMX%20GROUP%2FTHE
National Oilwell Varco Inc,NOV,Clay C. Williams,http://investing.businessweek.com/research/stocks/people/person.asp?personId=745445&capId=31900&previousCapId=31900&previousTitle=NATIONAL%20OILWELL%20VARCO%20INC
NetApp Inc,NTAP,Thomas   Georgens,http://investing.businessweek.com/research/stocks/people/person.asp?personId=180269&capId=32052&previousCapId=32052&previousTitle=NETAPP%20INC
NetFlix Inc,NFLX,Reed   Hastings,http://investing.businessweek.com/research/stocks/people/person.asp?personId=928215&capId=32012&previousCapId=32012&previousTitle=NETFLIX%20INC
Newell Rubbermaid Inc,NWL,Michael B. Polk,http://investing.businessweek.com/research/stocks/people/person.asp?personId=2015206&capId=291703&previousCapId=291703&previousTitle=NEWELL%20RUBBERMAID%20INC
Newfield Exploration Co,NFX,Lee K. Boothby,http://investing.businessweek.com/research/stocks/people/person.asp?personId=6387357&capId=32137&previousCapId=32137&previousTitle=NEWFIELD%20EXPLORATION%20CO
Newmont Mining Corp,NEM,Gary J. Goldberg,http://investing.businessweek.com/research/stocks/people/person.asp?personId=8627723&capId=291795&previousCapId=291795&previousTitle=NEWMONT%20MINING%20CORP
News Corporation,NWSA,Robert J. Thomson,http://investing.businessweek.com/research/stocks/people/person.asp?personId=45091046&capId=212741644&previousCapId=212741644&previousTitle=NEWS%20CORP%20-%20CLASS%20A
NextEra Energy Inc,NEE,James L. Robo,http://investing.businessweek.com/research/stocks/people/person.asp?personId=2763763&capId=270586&previousCapId=270586&previousTitle=NEXTERA%20ENERGY%20INC
Nielsen Holdings NV,NLSN,Dwight Mitchell Barns,http://investing.businessweek.com/research/stocks/people/person.asp?personId=22947242&capId=422760&previousCapId=422760&previousTitle=NIELSEN%20HOLDINGS%20NV
NIKE Inc B,NKE,Mark G. Parker,http://investing.businessweek.com/research/stocks/people/person.asp?personId=292013&capId=291981&previousCapId=291981&previousTitle=NIKE%20INC%20-CL%20B
Nisource Inc,NI,Robert C. Skaggs Jr.,http://investing.businessweek.com/research/stocks/people/person.asp?personId=7320655&capId=292092&previousCapId=292092&previousTitle=NISOURCE%20INC
Noble Corp plc,NE,David W. Williams,http://investing.businessweek.com/research/stocks/people/person.asp?personId=338630&capId=291385&previousCapId=291385&previousTitle=NOBLE%20CORP%20PLC
Noble Energy Inc,NBL,Charles D. Davidson,http://investing.businessweek.com/research/stocks/people/person.asp?personId=332152&capId=292135&previousCapId=292135&previousTitle=NOBLE%20ENERGY%20INC
Nordstrom Inc,JWN,Blake W. Nordstrom,http://investing.businessweek.com/research/stocks/people/person.asp?personId=182925&capId=32215&previousCapId=32215&previousTitle=NORDSTROM%20INC
Norfolk Southern Corp,NSC,Charles W. Moorman IV,http://investing.businessweek.com/research/stocks/people/person.asp?personId=1098665&capId=292268&previousCapId=292268&previousTitle=NORFOLK%20SOUTHERN%20CORP
Northeast Utilities,NU,Thomas J. May,http://investing.businessweek.com/research/stocks/people/person.asp?personId=256202&capId=292525&previousCapId=292525&previousTitle=NORTHEAST%20UTILITIES
Northern Trust Corp (IL),NTRS,Frederick H. Waddell,http://investing.businessweek.com/research/stocks/people/person.asp?personId=4875418&capId=291896&previousCapId=291896&previousTitle=NORTHERN%20TRUST%20CORP
Northrop Grumman Corp,NOC,Wesley G. Bush,http://investing.businessweek.com/research/stocks/people/person.asp?personId=1131458&capId=97199&previousCapId=97199&previousTitle=NORTHROP%20GRUMMAN%20CORP
NRG Energy,NRG,David W. Crane,http://investing.businessweek.com/research/stocks/people/person.asp?personId=1534087&capId=413857&previousCapId=413857&previousTitle=NRG%20ENERGY%20INC
Nucor Corp,NUE,John J. Ferriola,http://investing.businessweek.com/research/stocks/people/person.asp?personId=184975&capId=184945&previousCapId=184945&previousTitle=NUCOR%20CORP
Nvidia Corp,NVDA,Jen-Hsun   Huang,http://investing.businessweek.com/research/stocks/people/person.asp?personId=230160&capId=32307&previousCapId=32307&previousTitle=NVIDIA%20CORP
O'Reilly Automotive,ORLY,Gregory L. Henslee,http://investing.businessweek.com/research/stocks/people/person.asp?personId=324299&capId=324289&previousCapId=324289&previousTitle=O'REILLY%20AUTOMOTIVE%20INC
Occidental Petroleum,OXY,Stephen I. Chazen,http://investing.businessweek.com/research/stocks/people/person.asp?personId=293292&capId=293286&previousCapId=293286&previousTitle=OCCIDENTAL%20PETROLEUM%20CORP
Omnicom Group,OMC,John D. Wren,http://investing.businessweek.com/research/stocks/people/person.asp?personId=113432&capId=96161&previousCapId=96161&previousTitle=OMNICOM%20GROUP
ONEOK Inc,OKE,Terry K. Spencer,http://investing.businessweek.com/research/stocks/people/person.asp?personId=20508107&capId=293889&previousCapId=293889&previousTitle=ONEOK%20INC
Oracle Corp,ORCL,Lawrence J. Ellison,http://investing.businessweek.com/research/stocks/people/person.asp?personId=87411&capId=22247&previousCapId=22247&previousTitle=ORACLE%20CORP
Owens-Illinois Inc,OI,Albert P. L. Stroucken Ph.D.,http://investing.businessweek.com/research/stocks/people/person.asp?personId=273983&capId=32583&previousCapId=32583&previousTitle=OWENS-ILLINOIS%20INC
PACCAR Inc,PCAR,Mark C. Pigott,http://investing.businessweek.com/research/stocks/people/person.asp?personId=294723&capId=294721&previousCapId=294721&previousTitle=PACCAR%20INC
Pall Corp,PLL,Lawrence D. Kingsley,http://investing.businessweek.com/research/stocks/people/person.asp?personId=9607713&capId=185333&previousCapId=185333&previousTitle=PALL%20CORP
Parker-Hannifin Corp,PH,Donald E. Washkewicz,http://investing.businessweek.com/research/stocks/people/person.asp?personId=295200&capId=295170&previousCapId=295170&previousTitle=PARKER%20HANNIFIN%20CORP
Patterson Cos Inc,PDCO,Scott P. Anderson,http://investing.businessweek.com/research/stocks/people/person.asp?personId=25165415&capId=320186&previousCapId=320186&previousTitle=PATTERSON%20COS%20INC
Paychex Inc,PAYX,Martin   Mucci,http://investing.businessweek.com/research/stocks/people/person.asp?personId=3549507&capId=295368&previousCapId=295368&previousTitle=PAYCHEX%20INC
Peabody Energy Corp,BTU,Gregory H. Boyce,http://investing.businessweek.com/research/stocks/people/person.asp?personId=6892406&capId=32792&previousCapId=32792&previousTitle=PEABODY%20ENERGY%20CORP
Pentair Ltd.,PNR,Randall J. Hogan III,http://investing.businessweek.com/research/stocks/people/person.asp?personId=295694&capId=295688&previousCapId=295688&previousTitle=PENTAIR%20LTD-REGISTERED
People's United Financial Inc,PBCT,John P. Barnes,http://investing.businessweek.com/research/stocks/people/person.asp?personId=260572&capId=295774&previousCapId=295774&previousTitle=PEOPLE'S%20UNITED%20FINANCIAL
Pepco Holdings Inc,POM,Joseph M. Rigby,http://investing.businessweek.com/research/stocks/people/person.asp?personId=2200465&capId=297660&previousCapId=297660&previousTitle=PEPCO%20HOLDINGS%20INC
PepsiCo Inc,PEP,Indra K. Nooyi,http://investing.businessweek.com/research/stocks/people/person.asp?personId=185599&capId=32854&previousCapId=32854&previousTitle=PEPSICO%20INC
PerkinElmer Inc,PKI,Robert F. Friel,http://investing.businessweek.com/research/stocks/people/person.asp?personId=268367&capId=268363&previousCapId=268363&previousTitle=PERKINELMER%20INC
Perrigo Company plc,PRGO,Joseph C. Papa,http://investing.businessweek.com/research/stocks/people/person.asp?personId=1339978&capId=319092&previousCapId=319092&previousTitle=PERRIGO%20CO%20PLC
PETsMART Inc,PETM,David K. Lenhardt,http://investing.businessweek.com/research/stocks/people/person.asp?personId=507200&capId=32919&previousCapId=32919&previousTitle=PETSMART%20INC
Pfizer Inc,PFE,Ian C. Read,http://investing.businessweek.com/research/stocks/people/person.asp?personId=28845323&capId=162270&previousCapId=162270&previousTitle=PFIZER%20INC
PG&E Corporation,PCG,Anthony F. Earley Jr.,http://investing.businessweek.com/research/stocks/people/person.asp?personId=266600&capId=139813&previousCapId=139813&previousTitle=P%20G%20%26%20E%20CORP
Philip Morris International,PM,André   Calantzopoulos,http://investing.businessweek.com/research/stocks/people/person.asp?personId=2042341&capId=6569181&previousCapId=6569181&previousTitle=PHILIP%20MORRIS%20INTERNATIONAL
Phillips 66,PSX,Greg C. Garland,http://investing.businessweek.com/research/stocks/people/person.asp?personId=8131918&capId=27306532&previousCapId=27306532&previousTitle=PHILLIPS%2066
Pinnacle West Capital (AZ),PNW,Donald E. Brandt,http://investing.businessweek.com/research/stocks/people/person.asp?personId=651791&capId=296957&previousCapId=296957&previousTitle=PINNACLE%20WEST%20CAPITAL
Pioneer Natural Resources,PXD,Scott Douglas Sheffield,http://investing.businessweek.com/research/stocks/people/person.asp?personId=295226&capId=295224&previousCapId=295224&previousTitle=PIONEER%20NATURAL%20RESOURCES%20CO
Pitney Bowes Inc,PBI,Marc B. Lautenbach,http://investing.businessweek.com/research/stocks/people/person.asp?personId=224849652&capId=297018&previousCapId=297018&previousTitle=PITNEY%20BOWES%20INC
Plum Creek Timber Co,PCL,Rick R. Holley,http://investing.businessweek.com/research/stocks/people/person.asp?personId=297272&capId=297268&previousCapId=297268&previousTitle=PLUM%20CREEK%20TIMBER%20CO
PNC Finl Services Group,PNC,William S. Demchak,http://investing.businessweek.com/research/stocks/people/person.asp?personId=2971723&capId=294585&previousCapId=294585&previousTitle=PNC%20FINANCIAL%20SERVICES%20GROUP
PPG Industries Inc,PPG,Charles E. Bunch,http://investing.businessweek.com/research/stocks/people/person.asp?personId=294665&capId=294639&previousCapId=294639&previousTitle=PPG%20INDUSTRIES%20INC
PPL Corp,PPL,William H. Spence,http://investing.businessweek.com/research/stocks/people/person.asp?personId=2200467&capId=185508&previousCapId=185508&previousTitle=PPL%20CORPORATION
Praxair Inc,PX,Stephen F. Angel,http://investing.businessweek.com/research/stocks/people/person.asp?personId=1104360&capId=318049&previousCapId=318049&previousTitle=PRAXAIR%20INC
Precision Castparts Corp,PCP,Mark   Donegan,http://investing.businessweek.com/research/stocks/people/person.asp?personId=297870&capId=297850&previousCapId=297850&previousTitle=PRECISION%20CASTPARTS%20CORP
Priceline.com Inc,PCLN,Darren R. Huston,http://investing.businessweek.com/research/stocks/people/person.asp?personId=754957&capId=33254&previousCapId=33254&previousTitle=PRICELINE.COM%20INC
Principal Financial Group,PFG,Larry D. Zimpleman,http://investing.businessweek.com/research/stocks/people/person.asp?personId=1502516&capId=201105&previousCapId=201105&previousTitle=PRINCIPAL%20FINANCIAL%20GROUP
Procter & Gamble,PG,Alan George Lafley,http://investing.businessweek.com/research/stocks/people/person.asp?personId=186141&capId=33328&previousCapId=33328&previousTitle=PROCTER%20%26%20GAMBLE%20CO%2FTHE
Progressive Corp,PGR,Glenn M. Renwick,http://investing.businessweek.com/research/stocks/people/person.asp?personId=186225&capId=33352&previousCapId=33352&previousTitle=PROGRESSIVE%20CORP
ProLogis Inc,PLD,Hamid R. Moghadam,http://investing.businessweek.com/research/stocks/people/person.asp?personId=370415&capId=330123&previousCapId=330123&previousTitle=PROLOGIS%20INC
Prudential Financial Inc,PRU,John Robert Strangfeld Jr.,http://investing.businessweek.com/research/stocks/people/person.asp?personId=278025&capId=1038328&previousCapId=1038328&previousTitle=PRUDENTIAL%20FINANCIAL%20INC
Public Service Enterprise Grp,PEG,Ralph   Izzo Ph.D.,http://investing.businessweek.com/research/stocks/people/person.asp?personId=7262385&capId=298482&previousCapId=298482&previousTitle=PUBLIC%20SERVICE%20ENTERPRISE%20GP
Public Storage,PSA,Ronald L. Havner Jr.,http://investing.businessweek.com/research/stocks/people/person.asp?personId=383231&capId=305520&previousCapId=305520&previousTitle=PUBLIC%20STORAGE
Pulte Group Inc,PHM,Richard J. Dugas Jr.,http://investing.businessweek.com/research/stocks/people/person.asp?personId=2200821&capId=294550&previousCapId=294550&previousTitle=PULTEGROUP%20INC
PVH Corp,PVH,Emanuel   Chirico,http://investing.businessweek.com/research/stocks/people/person.asp?personId=296578&capId=296568&previousCapId=296568&previousTitle=PVH%20CORP
QEP Resources,QEP,Charles B. Stanley,http://investing.businessweek.com/research/stocks/people/person.asp?personId=1565114&capId=1565109&previousCapId=1565109&previousTitle=QEP%20RESOURCES%20INC
QUALCOMM Inc,QCOM,Steven M. Mollenkopf,http://investing.businessweek.com/research/stocks/people/person.asp?personId=45242044&capId=33493&previousCapId=33493&previousTitle=QUALCOMM%20INC
Quanta Services Inc,PWR,James F. O'Neil III,http://investing.businessweek.com/research/stocks/people/person.asp?personId=223988&capId=33509&previousCapId=33509&previousTitle=QUANTA%20SERVICES%20INC
Quest Diagnostics,DGX,Stephen H. Rusckowski,http://investing.businessweek.com/research/stocks/people/person.asp?personId=238889&capId=361335&previousCapId=361335&previousTitle=QUEST%20DIAGNOSTICS%20INC
Ralph Lauren Corp,RL,Ralph   Lauren,http://investing.businessweek.com/research/stocks/people/person.asp?personId=362222&capId=362220&previousCapId=362220&previousTitle=RALPH%20LAUREN%20CORP
Range Resources Corp,RRC,Jeffrey L. Ventura,http://investing.businessweek.com/research/stocks/people/person.asp?personId=5576609&capId=93030&previousCapId=93030&previousTitle=RANGE%20RESOURCES%20CORP
Raytheon Co,RTN,William H. Swanson,http://investing.businessweek.com/research/stocks/people/person.asp?personId=186558&capId=105612&previousCapId=105612&previousTitle=RAYTHEON%20COMPANY
Red Hat Inc,RHT,James M. Whitehurst,http://investing.businessweek.com/research/stocks/people/person.asp?personId=1474206&capId=33679&previousCapId=33679&previousTitle=RED%20HAT%20INC
Regeneron Pharmaceuticals Inc,REGN,"Leonard S. Schleifer M.D., Ph.D.",http://investing.businessweek.com/research/stocks/people/person.asp?personId=186611&capId=33715&previousCapId=33715&previousTitle=REGENERON%20PHARMACEUTICALS
Regions Financial Corp,RF,O. B. Grayson Hall Jr.,http://investing.businessweek.com/research/stocks/people/person.asp?personId=251222&capId=271409&previousCapId=271409&previousTitle=REGIONS%20FINANCIAL%20CORP
Republic Services Inc,RSG,Donald W. Slager,http://investing.businessweek.com/research/stocks/people/person.asp?personId=196358&capId=386225&previousCapId=386225&previousTitle=REPUBLIC%20SERVICES%20INC
Reynolds American Inc,RAI,Daniel M. Delen,http://investing.businessweek.com/research/stocks/people/person.asp?personId=32631205&capId=399584&previousCapId=399584&previousTitle=REYNOLDS%20AMERICAN%20INC
Robert Half Intl Inc,RHI,Harold Max Messmer Jr.,http://investing.businessweek.com/research/stocks/people/person.asp?personId=276705&capId=276703&previousCapId=276703&previousTitle=ROBERT%20HALF%20INTL%20INC
Rockwell Automation Inc,ROK,Keith D. Nosbusch,http://investing.businessweek.com/research/stocks/people/person.asp?personId=300530&capId=300504&previousCapId=300504&previousTitle=ROCKWELL%20AUTOMATION%20INC
Rockwell Collins,COL,Robert K. Ortberg,http://investing.businessweek.com/research/stocks/people/person.asp?personId=25018923&capId=603843&previousCapId=603843&previousTitle=ROCKWELL%20COLLINS%20INC
Roper Industries Inc,ROP,Brian D. Jellison,http://investing.businessweek.com/research/stocks/people/person.asp?personId=280966&capId=22751&previousCapId=22751&previousTitle=ROPER%20INDUSTRIES%20INC
Ross Stores Inc,ROST,Michael   Balmuth,http://investing.businessweek.com/research/stocks/people/person.asp?personId=186949&capId=33926&previousCapId=33926&previousTitle=ROSS%20STORES%20INC
Rowan Cos Plc,RDC,W. Matt Ralls,http://investing.businessweek.com/research/stocks/people/person.asp?personId=177346&capId=300794&previousCapId=300794&previousTitle=ROWAN%20COMPANIES%20PLC-A
Ryder System Inc,R,Robert E. Sanchez,http://investing.businessweek.com/research/stocks/people/person.asp?personId=1745643&capId=33956&previousCapId=33956&previousTitle=RYDER%20SYSTEM%20INC
Safeway Inc,SWY,Robert L. Edwards,http://investing.businessweek.com/research/stocks/people/person.asp?personId=213634&capId=33982&previousCapId=33982&previousTitle=SAFEWAY%20INC
Salesforce.com,CRM,Marc   Benioff,http://investing.businessweek.com/research/stocks/people/person.asp?personId=595730&capId=122917&previousCapId=122917&previousTitle=SALESFORCE.COM%20INC
SanDisk Corp,SNDK,Sanjay   Mehrotra,http://investing.businessweek.com/research/stocks/people/person.asp?personId=209278&capId=34032&previousCapId=34032&previousTitle=SANDISK%20CORP
SCANA Corp,SCG,Kevin B. Marsh,http://investing.businessweek.com/research/stocks/people/person.asp?personId=188250&capId=188244&previousCapId=188244&previousTitle=SCANA%20CORP
Schlumberger Ltd,SLB,Paal   Kibsgaard,http://investing.businessweek.com/research/stocks/people/person.asp?personId=8218592&capId=301966&previousCapId=301966&previousTitle=SCHLUMBERGER%20LTD
Schwab Charles Corp,SCHW,Walter W. Bettinger II,http://investing.businessweek.com/research/stocks/people/person.asp?personId=20820943&capId=34093&previousCapId=34093&previousTitle=SCHWAB%20(CHARLES)%20CORP
Scripps Networks Interactive,SNI,Kenneth W. Lowe,http://investing.businessweek.com/research/stocks/people/person.asp?personId=136867&capId=6469353&previousCapId=6469353&previousTitle=SCRIPPS%20NETWORKS%20INTER-CL%20A
Seagate Technology,STX,Stephen J. Luczo,http://investing.businessweek.com/research/stocks/people/person.asp?personId=187476&capId=3738520&previousCapId=3738520&previousTitle=SEAGATE%20TECHNOLOGY
Sealed Air Corp,SEE,Jerome A. Peribere,http://investing.businessweek.com/research/stocks/people/person.asp?personId=8972189&capId=382724&previousCapId=382724&previousTitle=SEALED%20AIR%20CORP
Sempra Energy,SRE,Debra L. Reed,http://investing.businessweek.com/research/stocks/people/person.asp?personId=1091684&capId=120622&previousCapId=120622&previousTitle=SEMPRA%20ENERGY
Sherwin-Williams Co,SHW,Christopher M. Connor,http://investing.businessweek.com/research/stocks/people/person.asp?personId=303106&capId=303104&previousCapId=303104&previousTitle=SHERWIN-WILLIAMS%20CO%2FTHE
Sigma-Aldrich Corp,SIAL,Rakesh   Sachdev,http://investing.businessweek.com/research/stocks/people/person.asp?personId=6424957&capId=303397&previousCapId=303397&previousTitle=SIGMA-ALDRICH
Simon Property Group,SPG,David E. Simon,http://investing.businessweek.com/research/stocks/people/person.asp?personId=163663&capId=34378&previousCapId=34378&previousTitle=SIMON%20PROPERTY%20GROUP%20INC
SLM Corp,SLM,John F. Remondi,http://investing.businessweek.com/research/stocks/people/person.asp?personId=752741&capId=301714&previousCapId=301714&previousTitle=SLM%20CORP
Smucker J.M. Co,SJM,Richard K. Smucker,http://investing.businessweek.com/research/stocks/people/person.asp?personId=303596&capId=303591&previousCapId=303591&previousTitle=JM%20SMUCKER%20CO%2FTHE
Snap On Inc,SNA,Nicholas T. Pinchuk,http://investing.businessweek.com/research/stocks/people/person.asp?personId=2508270&capId=303646&previousCapId=303646&previousTitle=SNAP-ON%20INC
Southern Co,SO,Thomas A. Fanning,http://investing.businessweek.com/research/stocks/people/person.asp?personId=4905664&capId=120623&previousCapId=120623&previousTitle=SOUTHERN%20CO%2FTHE
Southwest Airlines Co,LUV,Gary C. Kelly,http://investing.businessweek.com/research/stocks/people/person.asp?personId=187856&capId=31726&previousCapId=31726&previousTitle=SOUTHWEST%20AIRLINES%20CO
Southwestern Energy Co,SWN,Steven L. Mueller,http://investing.businessweek.com/research/stocks/people/person.asp?personId=348311&capId=304260&previousCapId=304260&previousTitle=SOUTHWESTERN%20ENERGY%20CO
Spectra Energy Corp,SE,Gregory L. Ebel,http://investing.businessweek.com/research/stocks/people/person.asp?personId=314005&capId=610501&previousCapId=610501&previousTitle=SPECTRA%20ENERGY%20CORP
St Jude Medical Inc,STJ,Daniel J. Starks,http://investing.businessweek.com/research/stocks/people/person.asp?personId=301675&capId=301667&previousCapId=301667&previousTitle=ST%20JUDE%20MEDICAL%20INC
Stanley Black & Decker,SWK,John F. Lundgren,http://investing.businessweek.com/research/stocks/people/person.asp?personId=179737&capId=304977&previousCapId=304977&previousTitle=STANLEY%20BLACK%20%26%20DECKER%20INC
Staples Inc,SPLS,Ronald L. Sargent,http://investing.businessweek.com/research/stocks/people/person.asp?personId=165310&capId=34740&previousCapId=34740&previousTitle=STAPLES%20INC
Starbucks Corp,SBUX,Howard D. Schultz,http://investing.businessweek.com/research/stocks/people/person.asp?personId=194300&capId=34745&previousCapId=34745&previousTitle=STARBUCKS%20CORP
Starwood Hotel & Resort World,HOT,Frits D. van Paasschen,http://investing.businessweek.com/research/stocks/people/person.asp?personId=505740&capId=341584&previousCapId=341584&previousTitle=STARWOOD%20HOTELS%20%26%20RESORTS
State Street Corp,STT,Joseph L. Hooley,http://investing.businessweek.com/research/stocks/people/person.asp?personId=6246556&capId=188785&previousCapId=188785&previousTitle=STATE%20STREET%20CORP
Stericycle Inc,SRCL,Charles A. Alutto,http://investing.businessweek.com/research/stocks/people/person.asp?personId=126951543&capId=34780&previousCapId=34780&previousTitle=STERICYCLE%20INC
Stryker Corp,SYK,Kevin A. Lobo,http://investing.businessweek.com/research/stocks/people/person.asp?personId=130986476&capId=94614&previousCapId=94614&previousTitle=STRYKER%20CORP
SunTrust Banks Inc (GA),STI,William Henry Rogers Jr.,http://investing.businessweek.com/research/stocks/people/person.asp?personId=1202369&capId=305901&previousCapId=305901&previousTitle=SUNTRUST%20BANKS%20INC
Symantec Corp,SYMC,Stephen M. Bennett,http://investing.businessweek.com/research/stocks/people/person.asp?personId=132129&capId=35000&previousCapId=35000&previousTitle=SYMANTEC%20CORP
Sysco Corp,SYY,William J. DeLaney III,http://investing.businessweek.com/research/stocks/people/person.asp?personId=13447293&capId=189096&previousCapId=189096&previousTitle=SYSCO%20CORP
T Rowe Price Group Inc,TROW,James Aloysius Charles Kennedy CFA,http://investing.businessweek.com/research/stocks/people/person.asp?personId=22073657&capId=23217&previousCapId=23217&previousTitle=T%20ROWE%20PRICE%20GROUP%20INC
Target Corp,TGT,Gregg W. Steinhafel,http://investing.businessweek.com/research/stocks/people/person.asp?personId=174446&capId=174438&previousCapId=174438&previousTitle=TARGET%20CORP
TE Connectivity Ltd.,TEL,Thomas J. Lynch,http://investing.businessweek.com/research/stocks/people/person.asp?personId=423256&capId=8106523&previousCapId=8106523&previousTitle=TE%20CONNECTIVITY%20LTD
TECO Energy Inc,TE,John B. Ramil,http://investing.businessweek.com/research/stocks/people/person.asp?personId=306602&capId=306596&previousCapId=306596&previousTitle=TECO%20ENERGY%20INC
Tenet Healthcare,THC,Trevor   Fetter,http://investing.businessweek.com/research/stocks/people/person.asp?personId=2702506&capId=107911&previousCapId=107911&previousTitle=TENET%20HEALTHCARE%20CORP
Teradata Corp,TDC,Michael F. Koehler,http://investing.businessweek.com/research/stocks/people/person.asp?personId=4913626&capId=97999&previousCapId=97999&previousTitle=TERADATA%20CORP
Tesoro Corp,TSO,Gregory J. Goff,http://investing.businessweek.com/research/stocks/people/person.asp?personId=12205040&capId=117842106&previousCapId=307816&previousTitle=TESORO%20CORP
Texas Instruments Inc,TXN,Richard K. Templeton,http://investing.businessweek.com/research/stocks/people/person.asp?personId=189807&capId=140283&previousCapId=140283&previousTitle=TEXAS%20INSTRUMENTS%20INC
Textron Inc,TXT,Scott C. Donnelly,http://investing.businessweek.com/research/stocks/people/person.asp?personId=177097&capId=35303&previousCapId=35303&previousTitle=TEXTRON%20INC
The ADT Corp.,ADT,Naren K. Gursahaney,http://investing.businessweek.com/research/stocks/people/person.asp?personId=1147667&capId=184157327&previousCapId=184157327&previousTitle=ADT%20CORP%2FTHE
The Bank of New York Mellon Corp,BK,Gerald L. Hassell,http://investing.businessweek.com/research/stocks/people/person.asp?personId=170472&capId=135506&previousCapId=135506&previousTitle=BANK%20OF%20NEW%20YORK%20MELLON%20CORP
The Williams Companies Inc,WMB,Alan S. Armstrong,http://investing.businessweek.com/research/stocks/people/person.asp?personId=5107285&capId=390225&previousCapId=390225&previousTitle=WILLIAMS%20COS%20INC
Thermo Fisher Scientific,TMO,Marc N. Casper,http://investing.businessweek.com/research/stocks/people/person.asp?personId=631242&capId=97023&previousCapId=97023&previousTitle=THERMO%20FISHER%20SCIENTIFIC%20INC
Tiffany & Co,TIF,Michael J. Kowalski,http://investing.businessweek.com/research/stocks/people/person.asp?personId=163645&capId=35576&previousCapId=35576&previousTitle=TIFFANY%20%26%20CO
Time Warner Cable Inc,TWC,Robert D. Marcus,http://investing.businessweek.com/research/stocks/people/person.asp?personId=754928&capId=862598&previousCapId=862598&previousTitle=TIME%20WARNER%20CABLE
Time Warner Inc,TWX,Jeffrey L. Bewkes,http://investing.businessweek.com/research/stocks/people/person.asp?personId=867387&capId=24689&previousCapId=24689&previousTitle=TIME%20WARNER%20INC
TJX Cos Inc,TJX,Carol M. Meyrowitz,http://investing.businessweek.com/research/stocks/people/person.asp?personId=306718&capId=306688&previousCapId=306688&previousTitle=TJX%20COMPANIES%20INC
Torchmark Corp,TMK,Gary L. Coleman,http://investing.businessweek.com/research/stocks/people/person.asp?personId=308920&capId=308916&previousCapId=308916&previousTitle=TORCHMARK%20CORP
Total System Services Inc,TSS,Philip W. Tomlinson,http://investing.businessweek.com/research/stocks/people/person.asp?personId=308977&capId=308973&previousCapId=308973&previousTitle=TOTAL%20SYSTEM%20SERVICES%20INC
Transocean Ltd,RIG,Steven L. Newman,http://investing.businessweek.com/research/stocks/people/person.asp?personId=21875817&capId=407172&previousCapId=407172&previousTitle=TRANSOCEAN%20LTD
Travelers Cos Inc,TRV,Jay S. Fishman,http://investing.businessweek.com/research/stocks/people/person.asp?personId=391745&capId=392856&previousCapId=392856&previousTitle=TRAVELERS%20COS%20INC%2FTHE
TripAdvisor Inc.,TRIP,Stephen   Kaufer,http://investing.businessweek.com/research/stocks/people/person.asp?personId=468034&capId=140233&previousCapId=140233&previousTitle=TRIPADVISOR%20INC
"Twenty-First Century Fox, Inc",FOXA,Keith Rupert Murdoch,http://investing.businessweek.com/research/stocks/people/person.asp?personId=393701&capId=91031&previousCapId=91031&previousTitle=TWENTY-FIRST%20CENTURY%20FOX-A
Tyco Intl,TYC,George R. Oliver,http://investing.businessweek.com/research/stocks/people/person.asp?personId=24746550&capId=107534&previousCapId=107534&previousTitle=TYCO%20INTERNATIONAL%20LTD
Tyson Foods Inc A,TSN,Donnie   Smith,http://investing.businessweek.com/research/stocks/people/person.asp?personId=190674&capId=190636&previousCapId=190636&previousTitle=TYSON%20FOODS%20INC-CL%20A
Union Pacific Corp,UNP,John J. Koraleski,http://investing.businessweek.com/research/stocks/people/person.asp?personId=310128&capId=310078&previousCapId=310078&previousTitle=UNION%20PACIFIC%20CORP
United Parcel Service Inc B,UPS,D. Scott Davis,http://investing.businessweek.com/research/stocks/people/person.asp?personId=556914&capId=238570&previousCapId=238570&previousTitle=UNITED%20PARCEL%20SERVICE-CL%20B
United States Steel Corp,X,Mario   Longhi,http://investing.businessweek.com/research/stocks/people/person.asp?personId=22560081&capId=314896&previousCapId=314896&previousTitle=UNITED%20STATES%20STEEL%20CORP
United Technologies Corp,UTX,Louis R. Chenevert,http://investing.businessweek.com/research/stocks/people/person.asp?personId=191172&capId=159230&previousCapId=159230&previousTitle=UNITED%20TECHNOLOGIES%20CORP
Unitedhealth Group Inc,UNH,Stephen J. Hemsley,http://investing.businessweek.com/research/stocks/people/person.asp?personId=200985&capId=104673&previousCapId=104673&previousTitle=UNITEDHEALTH%20GROUP%20INC
Unum Group,UNM,Thomas R. Watjen,http://investing.businessweek.com/research/stocks/people/person.asp?personId=233574&capId=166762&previousCapId=166762&previousTitle=UNUM%20GROUP
Urban Outfitters,URBN,Richard A. Hayne,http://investing.businessweek.com/research/stocks/people/person.asp?personId=330708&capId=330706&previousCapId=330706&previousTitle=URBAN%20OUTFITTERS%20INC
US Bancorp,USB,Richard K. Davis,http://investing.businessweek.com/research/stocks/people/person.asp?personId=768606&capId=305304&previousCapId=305304&previousTitle=US%20BANCORP
Valero Energy Corp,VLO,William R. Klesse,http://investing.businessweek.com/research/stocks/people/person.asp?personId=371573&capId=311679&previousCapId=311679&previousTitle=VALERO%20ENERGY%20CORP
Varian Medical Systems Inc,VAR,Dow R. Wilson,http://investing.businessweek.com/research/stocks/people/person.asp?personId=8015273&capId=311907&previousCapId=311907&previousTitle=VARIAN%20MEDICAL%20SYSTEMS%20INC
Ventas Inc,VTR,Debra A. Cafaro J.D.,http://investing.businessweek.com/research/stocks/people/person.asp?personId=398553&capId=398549&previousCapId=398549&previousTitle=VENTAS%20INC
VeriSign Inc,VRSN,D. James Bidzos,http://investing.businessweek.com/research/stocks/people/person.asp?personId=204771&capId=36216&previousCapId=36216&previousTitle=VERISIGN%20INC
Verizon Communications Inc,VZ,Lowell C. McAdam,http://investing.businessweek.com/research/stocks/people/person.asp?personId=1132479&capId=415798&previousCapId=415798&previousTitle=VERIZON%20COMMUNICATIONS%20INC
Vertex Pharmaceuticals Inc,VRTX,"Jeffrey M. Leiden M.D., Ph.D.",http://investing.businessweek.com/research/stocks/people/person.asp?personId=247509&capId=36235&previousCapId=36235&previousTitle=VERTEX%20PHARMACEUTICALS%20INC
VF Corp,VFC,Eric C. Wiseman,http://investing.businessweek.com/research/stocks/people/person.asp?personId=1102851&capId=191328&previousCapId=191328&previousTitle=VF%20CORP
Viacom Inc B,VIAB,Philippe P. Dauman,http://investing.businessweek.com/research/stocks/people/person.asp?personId=312188&capId=25403751&previousCapId=25403751&previousTitle=VIACOM%20INC-CLASS%20B
Visa Inc,V,Charles W. Scharf,http://investing.businessweek.com/research/stocks/people/person.asp?personId=170452&capId=38043467&previousCapId=38043467&previousTitle=VISA%20INC-CLASS%20A%20SHARES
Vornado Realty Trust,VNO,Steven   Roth,http://investing.businessweek.com/research/stocks/people/person.asp?personId=406079&capId=248975&previousCapId=312648&previousTitle=VORNADO%20REALTY%20TRUST
Vulcan Materials Co,VMC,Donald M. James,http://investing.businessweek.com/research/stocks/people/person.asp?personId=312771&capId=312769&previousCapId=312769&previousTitle=VULCAN%20MATERIALS%20CO
Wal-Mart Stores,WMT,C. Douglas McMillon,http://investing.businessweek.com/research/stocks/people/person.asp?personId=21958514&capId=313055&previousCapId=313055&previousTitle=WAL-MART%20STORES%20INC
Walgreen Co,WAG,Gregory D. Wasson,http://investing.businessweek.com/research/stocks/people/person.asp?personId=4048591&capId=93624&previousCapId=93624&previousTitle=WALGREEN%20CO
Walt Disney Co,DIS,Robert A. Iger,http://investing.businessweek.com/research/stocks/people/person.asp?personId=191572&capId=191564&previousCapId=191564&previousTitle=WALT%20DISNEY%20CO%2FTHE
Waste Management Inc,WM,David P. Steiner,http://investing.businessweek.com/research/stocks/people/person.asp?personId=653119&capId=190694&previousCapId=190694&previousTitle=WASTE%20MANAGEMENT%20INC
Waters Corp,WAT,Douglas A. Berthiaume,http://investing.businessweek.com/research/stocks/people/person.asp?personId=165408&capId=36475&previousCapId=36475&previousTitle=WATERS%20CORP
WellPoint Inc,WLP,Joseph R. Swedish,http://investing.businessweek.com/research/stocks/people/person.asp?personId=2158903&capId=160077&previousCapId=160077&previousTitle=WELLPOINT%20INC
Wells Fargo & Co,WFC,John G. Stumpf,http://investing.businessweek.com/research/stocks/people/person.asp?personId=292951&capId=292891&previousCapId=292891&previousTitle=WELLS%20FARGO%20%26%20CO
Western Digital Corp,WDC,Stephen D. Milligan,http://investing.businessweek.com/research/stocks/people/person.asp?personId=4048629&capId=314057&previousCapId=314057&previousTitle=WESTERN%20DIGITAL%20CORP
Western Union Co,WU,Hikmet   Ersek,http://investing.businessweek.com/research/stocks/people/person.asp?personId=23350647&capId=909408&previousCapId=909408&previousTitle=WESTERN%20UNION%20CO
Weyerhaeuser Co,WY,Doyle R. Simons,http://investing.businessweek.com/research/stocks/people/person.asp?personId=601373&capId=107633&previousCapId=107633&previousTitle=WEYERHAEUSER%20CO
Whirlpool Corp,WHR,Jeff M. Fettig,http://investing.businessweek.com/research/stocks/people/person.asp?personId=314535&capId=314515&previousCapId=314515&previousTitle=WHIRLPOOL%20CORP
Whole Foods Market Inc,WFM,John P. Mackey,http://investing.businessweek.com/research/stocks/people/person.asp?personId=196899&capId=36602&previousCapId=36602&previousTitle=WHOLE%20FOODS%20MARKET%20INC
Windstream Holdings Inc,WIN,Jeffery R. Gardner,http://investing.businessweek.com/research/stocks/people/person.asp?personId=249444&capId=25090458&previousCapId=25090458&previousTitle=WINDSTREAM%20HOLDINGS%20INC
Wisconsin Energy Corp,WEC,Gale E. Klappa,http://investing.businessweek.com/research/stocks/people/person.asp?personId=752795&capId=315117&previousCapId=315117&previousTitle=WISCONSIN%20ENERGY%20CORP
WPX Energy Inc.,WPX,James J. Bender,http://investing.businessweek.com/research/stocks/people/person.asp?personId=413877&capId=131112810&previousCapId=131112810&previousTitle=WPX%20ENERGY%20INC
Wyndham Worldwide Corp,WYN,Stephen P. Holmes,http://investing.businessweek.com/research/stocks/people/person.asp?personId=135422&capId=31063165&previousCapId=31063165&previousTitle=WYNDHAM%20WORLDWIDE%20CORP
Wynn Resorts Ltd,WYNN,Stephen A. Wynn,http://investing.businessweek.com/research/stocks/people/person.asp?personId=1094442&capId=3449701&previousCapId=3449701&previousTitle=WYNN%20RESORTS%20LTD
Xcel Energy Inc,XEL,Benjamin G. S. Fowke III,http://investing.businessweek.com/research/stocks/people/person.asp?personId=3698763&capId=527542&previousCapId=527542&previousTitle=XCEL%20ENERGY%20INC
Xerox Corp,XRX,Ursula M. Burns,http://investing.businessweek.com/research/stocks/people/person.asp?personId=593846&capId=103599&previousCapId=103599&previousTitle=XEROX%20CORP
Xilinx Inc,XLNX,Moshe N. Gavrielov,http://investing.businessweek.com/research/stocks/people/person.asp?personId=164556&capId=36762&previousCapId=36762&previousTitle=XILINX%20INC
XL Group Plc,XL,Michael S. McGavick,http://investing.businessweek.com/research/stocks/people/person.asp?personId=684090&capId=406440&previousCapId=406440&previousTitle=XL%20GROUP%20PLC
Xylem Inc,XYL,Steven R. Loranger,http://investing.businessweek.com/research/stocks/people/person.asp?personId=1087949&capId=118218449&previousCapId=118218449&previousTitle=XYLEM%20INC
Yahoo Inc,YHOO,Marissa A. Mayer,http://investing.businessweek.com/research/stocks/people/person.asp?personId=28869146&capId=91800&previousCapId=91800&previousTitle=YAHOO!%20INC
Yum! Brands Inc,YUM,David C. Novak,http://investing.businessweek.com/research/stocks/people/person.asp?personId=366001&capId=365997&previousCapId=365997&previousTitle=YUM!%20BRANDS%20INC
Zimmer Holdings Inc,ZMH,David C. Dvorak,http://investing.businessweek.com/research/stocks/people/person.asp?personId=195607&capId=264048&previousCapId=264048&previousTitle=ZIMMER%20HOLDINGS%20INC
Zions Bancorp (UT),ZION,Harris H. Simmons,http://investing.businessweek.com/research/stocks/people/person.asp?personId=315480&capId=315476&previousCapId=315476&previousTitle=ZIONS%20BANCORPORATION
Zoetis Inc,ZTS,Juan  Ramón  Alaix,http://investing.businessweek.com/research/stocks/people/person.asp?personId=107366482&capId=215548781&previousCapId=215548781&previousTitle=ZOETIS%20INC
