Symbol,2013,2012,2011,2010,2009,2008,2007,2006,2005,2004,2003,2002,2001
MMM,308710000000,299040000000,296110000000,266620000000,231230000000,252690000000,244620000000,229230000000,211670000000,200110000000,182320000000,163320000000,160790000000,167240000000,156590000000,75510000000,N/A,N/A,
ABT,218480000000,214940000000,284730000000,351660000000,307640000000,295270000000,259140000000,224760000000,223370000000,196800000000,196800000000,176840000000,162850000000,137450000000,131770000000,63660000000,N/A,N/A,
ABBV,187900000000,N/A,N/A,
ACN,273520000000,230940000000,110420000000,
ACE,192610000000,179360000000,168340000000,160060000000,150750000000,136320000000,141540000000,133280000000,130880000000,123200000000,106890000000,71230000000,66440000000,52660000000,30160000000,
ACT,
ADBE,42160000000,38000000000,29450000000,35790000000,31570000000,25750000000,19660000000,16660000000,12940000000,11640000000,12290000000,12660000000,10150000000,894791000,457171000,
AES,158910000000,171640000000,160980000000,154430000000,131100000000,160700000000,135880000000,115640000000,110860000000,94630000000,84150000000,86320000000,93270000000,19160000000,N/A,
AET,472940000000,365990000000,337820000000,342460000000,347640000000,309500000000,275990000000,251450000000,224910000000,199040000000,179760000000,198780000000,251900000000,N/A,N/A,
AFL,239390000000,253640000000,221710000000,207320000000,182540000000,165540000000,153930000000,146160000000,143630000000,132810000000,114470000000,102570000000,96290000000,97200000000,86400000000,36430000000,N/A,N/A,
A,66150000000,54440000000,44810000000,57740000000,54200000000,49730000000,51390000000,71810000000,60560000000,60100000000,83960000000,107730000000,
GAS,46170000000,39220000000,23380000000,23730000000,23170000000,28000000000,24940000000,26210000000,27180000000,18320000000,983700000,13120000000,
APD,25450000000,101800000000,96110000000,96730000000,86160000000,82560000000,104140000000,100370000000,88500000000,81430000000,74110000000,62970000000,54010000000,57220000000,54950000000,50390000000,12550000000,N/A,
ARG,38040000000,49570000000,47460000000,42510000000,38750000000,43610000000,40170000000,32050000000,28290000000,24110000000,18950000000,17860000000,16360000000,16280000000,15420000000,15610000000,N/A,N/A,
AKAM,15770000000,13730000000,11580000000,10230000000,859773000,790924000,636406000,428672000,283115000,210015000,161259000,144976000,163214000,89766000,N/A,
AA,230320000000,237000000000,249510000000,210130000000,184390000000,269010000000,307480000000,303790000000,261590000000,234780000000,215040000000,202630000000,228590000000,230900000000,83900000000,
ALXN,15510000000,11340000000,783431000,540957000,294544000,259099000,38184000,1558000,460000,
ATI,40430000000,46660000000,48120000000,40470000000,30540000000,53090000000,54520000000,49360000000,35390000000,27330000000,19370000000,19070000000,21280000000,24600000000,27080000000,19020000000,N/A,N/A,
ALLE,
AGN,63000000000,56460000000,52160000000,49190000000,45030000000,44030000000,39380000000,30630000000,23190000000,20450000000,17710000000,14250000000,17450000000,16250000000,14520000000,685900000,N/A,N/A,
ADS,43190000000,36410000000,31730000000,27910000000,19640000000,20250000000,22910000000,19980000000,15520000000,12570000000,10490000000,871451000,777351000,N/A,N/A,
ALL,345070000000,333150000000,326540000000,314000000000,320130000000,293940000000,367690000000,357960000000,353830000000,339360000000,321490000000,295790000000,288650000000,291340000000,269590000000,128900000000,N/A,N/A,
ALTR,17320000000,17830000000,20640000000,19540000000,11950000000,13670000000,12630000000,12850000000,11230000000,10160000000,827207000,711684000,839376000,13760000000,836623000,654342000,324560000,N/A,
MO,244660000000,246180000000,238000000000,243630000000,235560000000,193560000000,738010000000,1014070000000,978540000000,896100000000,818320000000,804080000000,899240000000,803560000000,785960000000,370300000000,N/A,N/A,
AMZN,744520000000,610930000000,480770000000,342040000000,245090000000,191660000000,148350000000,107110000000,84900000000,69210000000,52630000000,39320000000,31220000000,27610000000,16390000000,609996000,103898000,N/A,
AEE,58380000000,57810000000,61480000000,76380000000,71350000000,78390000000,75460000000,68800000000,67800000000,51600000000,45930000000,38410000000,45050000000,38550000000,35230000000,17950000000,N/A,N/A,
AEP,153570000000,149450000000,151160000000,144270000000,134890000000,144400000000,133800000000,126220000000,121110000000,140570000000,145450000000,316600000000,612570000000,136940000000,69160000000,46380000000,N/A,N/A,
AXP,349320000000,337810000000,322820000000,300050000000,265430000000,319200000000,315570000000,271360000000,242670000000,291150000000,258660000000,238070000000,225820000000,236750000000,212780000000,98500000000,N/A,N/A,
AIG,686780000000,710210000000,651050000000,728290000000,754470000000,348620000000,1100640000000,1131940000000,1089050000000,976660000000,813030000000,674820000000,559110000000,424400000000,363560000000,166040000000,N/A,N/A,
AMT,33610000000,28750000000,24430000000,19850000000,17240000000,15930000000,14560000000,13170000000,944786000,706660000,715144000,788420000,11340000000,735275000,258081000,62536000,N/A,N/A,
AMP,112300000000,102590000000,102390000000,95820000000,75380000000,71490000000,89090000000,81400000000,18690000000,
ABC,291760000000,879590000000,780800000000,786950000000,777760000000,717590000000,701890000000,660740000000,612030000000,545770000000,531780000000,496570000000,452340000000,N/A,N/A,
AME,35940000000,33340000000,29890000000,24700000000,20980000000,25310000000,21360000000,18190000000,14340000000,12320000000,10910000000,10400000000,10190000000,10240000000,924797000,439419000,N/A,N/A,
AMGN,186760000000,172650000000,155820000000,150530000000,146420000000,150030000000,147710000000,142680000000,124300000000,105500000000,83560000000,55230000000,40150000000,36290000000,33400000000,27180000000,12050000000,N/A,
APH,46140000000,42920000000,39390000000,35540000000,28200000000,32360000000,28510000000,24710000000,18080000000,15300000000,12390000000,10620000000,11030000000,13590000000,10100000000,462394000,N/A,N/A,
APC,145810000000,134110000000,139670000000,109840000000,90000000000,157230000000,158920000000,101870000000,71000000000,60670000000,51220000000,42280000000,83690000000,56860000000,701104000,275727000,N/A,N/A,
ADI,29930000000,27610000000,20140000000,25820000000,25460000000,25730000000,23880000000,26330000000,20470000000,17070000000,22760000000,25770000000,14500000000,271821000,N/A,
AON,118150000000,115140000000,112870000000,85120000000,75950000000,76310000000,74710000000,89540000000,98370000000,101720000000,98100000000,88220000000,76760000000,73750000000,70700000000,33080000000,N/A,N/A,
APA,164020000000,169470000000,168100000000,120920000000,86150000000,123890000000,99770000000,82880000000,75840000000,53320000000,41900000000,25590000000,27770000000,22830000000,13000000000,409642000,N/A,N/A,
AIV,974053000,958511000,914355000,958540000,10470000000,14570000000,17210000000,16900000000,15210000000,14680000000,15160000000,15060000000,14630000000,11000000000,615093000,230416000,N/A,N/A,
AAPL,575940000000,1709100000000,1565080000000,1082490000000,652250000000,429050000000,324790000000,240060000000,193150000000,139310000000,82790000000,62070000000,57420000000,53630000000,79830000000,61340000000,59410000000,16140000000,
AMAT,105170000000,95490000000,50140000000,81290000000,97340000000,91670000000,69910000000,80130000000,44770000000,50620000000,73430000000,95640000000,48590000000,40410000000,12800000000,
ADM,692070000000,698160000000,440180000000,365960000000,359430000000,361510000000,307080000000,234530000000,200510000000,128760000000,142830000000,N/A,
AIZ,90470000000,85080000000,82720000000,85270000000,87000000000,86010000000,84530000000,80700000000,74970000000,74030000000,N/A,N/A,
T,1287520000000,1274340000000,1267230000000,1242800000000,1225130000000,1240280000000,1189280000000,630550000000,438620000000,407870000000,408430000000,431380000000,459080000000,514760000000,494890000000,157620000000,N/A,N/A,
ADSK,19510000000,17130000000,23150000000,21710000000,18390000000,15230000000,12330000000,951643000,824945000,947491000,936324000,820182000,740167000,344046000,N/A,
ADP,58220000000,113100000000,106160000000,98330000000,89270000000,88380000000,87760000000,78000000000,88810000000,84990000000,77540000000,71470000000,70040000000,70170000000,62870000000,55400000000,N/A,N/A,
AN,175170000000,156670000000,138320000000,124610000000,106660000000,141310000000,176910000000,189880000000,192530000000,194240000000,193810000000,194780000000,199890000000,206090000000,201110000000,83250000000,N/A,N/A,
AZO,80720000000,73620000000,68160000000,65220000000,61690000000,59480000000,57100000000,56370000000,54570000000,53250000000,48180000000,44820000000,41160000000,N/A,N/A,
AVB,14620000000,10000000000,900087000,842820000,829924000,854208000,812741000,737300000,670680000,648454000,609651000,612876000,641657000,573395000,504544000,236654000,N/A,N/A,
AVY,61400000000,58630000000,58440000000,57820000000,51860000000,67100000000,63070000000,55750000000,54730000000,53400000000,47620000000,42060000000,38030000000,38930000000,37680000000,17440000000,N/A,N/A,
AVP,99550000000,105610000000,110990000000,108620000000,102050000000,106900000000,99380000000,87630000000,81490000000,77470000000,68760000000,62280000000,60000000000,57220000000,53270000000,27820000000,N/A,N/A,
BHI,223640000000,213610000000,198310000000,144140000000,96640000000,118640000000,104280000000,90270000000,71850000000,61030000000,52920000000,50200000000,53820000000,52330000000,45460000000,14190000000,N/A,N/A,
BLL,84680000000,87350000000,86300000000,76300000000,67100000000,75610000000,74750000000,66210000000,57510000000,54400000000,49770000000,38580000000,36860000000,36640000000,35840000000,17010000000,N/A,N/A,
BAC,1016970000000,1000780000000,1150740000000,1341940000000,1504500000000,1241320000000,1243210000000,1170170000000,839800000000,633240000000,490060000000,460120000000,531160000000,577720000000,513920000000,
BCR,30490000000,29580000000,28960000000,27200000000,25340000000,24520000000,22020000000,19850000000,17710000000,16560000000,14330000000,12730000000,11810000000,10980000000,10360000000,567800000,N/A,N/A,
BAX,152590000000,141900000000,138930000000,128430000000,125620000000,123480000000,112630000000,103780000000,98490000000,95090000000,89040000000,81100000000,76630000000,68960000000,63800000000,
BBT,104440000000,107370000000,99980000000,110720000000,108180000000,104040000000,106710000000,94870000000,78310000000,66650000000,62430000000,61260000000,62280000000,53350000000,38820000000,
BEAM,25470000000,24590000000,22990000000,42370000000,48970000000,76080000000,85630000000,87690000000,70610000000,61450000000,62140000000,56770000000,56780000000,58440000000,52400000000,
BDX,20150000000,80540000000,77080000000,75840000000,71240000000,69860000000,71550000000,63590000000,58340000000,54140000000,49340000000,45270000000,40330000000,37540000000,36180000000,34180000000,843239000,N/A,
BBBY,83000000000,109140000000,94990000000,44280000000,78280000000,72080000000,33210000000,66170000000,58090000000,23740000000,44770000000,36650000000,12890000000,23960000000,18770000000,614517000,10660000000,N/A,
BMS,50290000000,51390000000,53220000000,48350000000,35140000000,37790000000,36490000000,36390000000,34730000000,28340000000,26350000000,23690000000,22930000000,21640000000,19180000000,925918000,N/A,N/A,
BRK.B,
BBY,
BIIB,69320000000,55160000000,50480000000,47160000000,43770000000,40970000000,31710000000,26830000000,24220000000,22110000000,679183000,404222000,272677000,154682000,118003000,86959000,32540000,N/A,
BLK,99690000000,91220000000,89050000000,84620000000,46320000000,50640000000,48440000000,756393000,11910000000,365635000,598212000,576977000,268971000,476872000,200888000,
HRB,28760000000,28960000000,39290000000,44030000000,40210000000,48720000000,44200000000,42050000000,37790000000,33170000000,30010000000,24510000000,16440000000,N/A,N/A,
BA,866230000000,816980000000,687350000000,643060000000,682810000000,609090000000,663870000000,615300000000,548450000000,524570000000,504850000000,540690000000,581980000000,513210000000,579930000000,298240000000,N/A,N/A,
BWA,74360000000,71830000000,71140000000,56520000000,39610000000,52630000000,53280000000,45850000000,42930000000,35250000000,30690000000,27310000000,23510000000,26450000000,24580000000,920800000,N/A,N/A,
BXP,21350000000,18470000000,17220000000,15430000000,15180000000,14880000000,14820000000,14770000000,14370000000,14000000000,13090000000,12340000000,10320000000,879353000,786564000,170027000,N/A,N/A,
BSX,71430000000,72490000000,76220000000,78060000000,81880000000,80500000000,83570000000,78210000000,62830000000,56240000000,34760000000,29190000000,26730000000,26640000000,28420000000,12920000000,N/A,N/A,
BMY,163850000000,176210000000,212440000000,194840000000,188080000000,205970000000,193480000000,179140000000,192070000000,193800000000,208940000000,181190000000,181390000000,182160000000,202220000000,94080000000,N/A,N/A,
BRCM,83050000000,80060000000,73890000000,68180000000,44900000000,46580000000,37760000000,36670000000,26700000000,24000000000,16100000000,10820000000,961821000,10960000000,518183000,203095000,N/A,N/A,
BF.B,
CA,34310000000,46430000000,48140000000,44290000000,42270000000,41380000000,42770000000,39430000000,37960000000,35600000000,32760000000,31160000000,29640000000,41980000000,61030000000,52530000000,N/A,N/A,
CVC,62320000000,61310000000,61620000000,61770000000,59000000000,72300000000,64840000000,59270000000,51750000000,49320000000,41770000000,40030000000,44040000000,44110000000,39420000000,32650000000,N/A,N/A,
COG,17460000000,12040000000,979864000,863104000,893085000,945791000,732170000,761988000,682797000,530408000,509391000,353756000,447042000,368651000,181873000,77148000,N/A,N/A,
CAM,98380000000,85020000000,69590000000,61340000000,52230000000,58480000000,46660000000,37420000000,25170000000,20920000000,16340000000,15380000000,15630000000,13860000000,14640000000,952511000,N/A,N/A,
CPB,71430000000,76760000000,75860000000,79980000000,78670000000,73430000000,75480000000,71090000000,66780000000,61330000000,66640000000,62670000000,64240000000,N/A,N/A,
COF,241760000000,237710000000,185250000000,190670000000,159500000000,178550000000,191320000000,151900000000,120840000000,106940000000,97830000000,96470000000,72540000000,54240000000,39650000000,14250000000,N/A,N/A,
CAH,467630000000,1010930000000,1075520000000,1026440000000,985030000000,959910000000,910910000000,868520000000,813630000000,749100000000,650530000000,567370000000,511350000000,479470000000,298700000000,250330000000,N/A,N/A,
CFN,17520000000,35500000000,35980000000,34400000000,33770000000,447000000,
KMX,94980000000,109620000000,100030000000,89750000000,74700000000,69730000000,82850000000,74650000000,63640000000,52600000000,45970000000,19310000000,
CCL,157930000000,144690000000,134600000000,146460000000,130330000000,118390000000,110870000000,97270000000,67180000000,43680000000,45350000000,37780000000,35730000000,805303000,N/A,
CAT,556560000000,658750000000,601380000000,425880000000,323960000000,513240000000,449580000000,415170000000,363390000000,302510000000,227630000000,201520000000,204500000000,201750000000,197020000000,105790000000,N/A,N/A,
CBG,71840000000,65140000000,59050000000,51150000000,41650000000,51280000000,60340000000,40320000000,29100000000,23650000000,16300000000,11700000000,N/A,N/A,N/A,
CBS,152840000000,140890000000,136370000000,134660000000,130150000000,139500000000,140720000000,143200000000,173210000000,225250000000,265850000000,246050000000,232220000000,200430000000,N/A,
CELG,64930000000,55060000000,48420000000,36250000000,26890000000,22540000000,14050000000,898873000,536941000,377502000,271475000,135745000,114242000,84249000,26209000,3800000,421116,N/A,
CNP,81060000000,74520000000,84500000000,87850000000,82810000000,113220000000,96230000000,93190000000,97220000000,79990000000,97600000000,79220000000,
CTL,180950000000,183760000000,153510000000,70420000000,49740000000,25990000000,26560000000,24470000000,24790000000,24070000000,23800000000,19710000000,21170000000,18450000000,16760000000,816987000,N/A,N/A,
CERN,29100000000,26650000000,22030000000,18500000000,16710000000,16760000000,15190000000,13780000000,11600000000,926356000,839587000,751852000,542605000,404504000,340197000,330902000,130608000,N/A,
CF,54740000000,61040000000,60970000000,39650000000,26080000000,39210000000,27560000000,19490000000,922314000,
CHRW,127520000000,113590000000,103360000000,92740000000,75770000000,85780000000,73160000000,65560000000,56880000000,43410000000,36130000000,32940000000,30900000000,28820000000,22610000000,20380000000,469225000,N/A,
CHK,175060000000,123160000000,116350000000,93660000000,77020000000,120840000000,78000000000,73250000000,46650000000,27090000000,17170000000,738502000,969051000,627952000,354946000,189076000,N/A,N/A,
CVX,2201560000000,2305900000000,2443710000000,1981980000000,1674020000000,2730050000000,2209040000000,2101180000000,1982000000000,1553000000000,1217610000000,990490000000,1062450000000,521290000000,365860000000,149350000000,N/A,N/A,
CMG,32140000000,27310000000,22690000000,18350000000,15180000000,13310000000,10850000000,822930000,N/A,
CB,139470000000,135950000000,135850000000,133190000000,130160000000,132210000000,141070000000,140030000000,140820000000,131770000000,113940000000,91400000000,77540000000,72510000000,67290000000,31640000000,N/A,N/A,
CI,323800000000,291190000000,218650000000,211280000000,184140000000,191010000000,176230000000,165470000000,166840000000,181760000000,188080000000,193480000000,192900000000,199940000000,187810000000,107050000000,N/A,N/A,
CINF,45310000000,41110000000,38030000000,37720000000,39030000000,38240000000,42590000000,45500000000,37670000000,36140000000,31810000000,29370000000,25860000000,23300000000,21280000000,20540000000,974444000,N/A,
CTAS,22640000000,43160000000,41020000000,38100000000,35470000000,37740000000,39370000000,37060000000,34030000000,30670000000,28140000000,26860000000,22710000000,21600000000,19010000000,17510000000,11980000000,N/A,
CSCO,432180000000,400400000000,361170000000,395400000000,349220000000,284840000000,248010000000,220450000000,188780000000,189150000000,222930000000,189280000000,121540000000,84580000000,N/A,
C,676390000000,595190000000,652290000000,595590000000,428020000000,1300050000000,1592290000000,1465580000000,1203180000000,1082760000000,947130000000,930410000000,1120220000000,1118260000000,820050000000,
CTXS,29180000000,25860000000,22060000000,18740000000,16140000000,15830000000,13910000000,11340000000,908722000,741157000,588625000,527448000,591629000,470446000,403285000,248636000,77895000,N/A,
CLF,56910000000,58720000000,65630000000,44830000000,23420000000,36090000000,22750000000,19330000000,17390000000,12060000000,857700000,617100000,387600000,455000000,361400000,308200000,N/A,N/A,
CLX,26940000000,56230000000,54680000000,52310000000,52340000000,51580000000,52730000000,48470000000,46440000000,43880000000,43240000000,41440000000,40610000000,39030000000,40830000000,40030000000,N/A,N/A,
CME,27840000000,27820000000,31630000000,28630000000,24780000000,25610000000,17560000000,10890000000,501204000,360079000,544784000,469079000,
CMS,65660000000,62530000000,65030000000,64320000000,62050000000,68210000000,65040000000,68990000000,64130000000,55870000000,56770000000,86870000000,114720000000,89980000000,61030000000,
COH,25700000000,50750000000,47630000000,41580000000,36070000000,32300000000,31800000000,26120000000,21110000000,17100000000,13210000000,953226000,719403000,616079000,N/A,
KO,468540000000,480170000000,465420000000,351190000000,309900000000,319440000000,288570000000,240880000000,231040000000,219620000000,210440000000,195640000000,200920000000,204580000000,198050000000,92050000000,N/A,N/A,
CCE,82120000000,80620000000,82840000000,17940000000,N/A,N/A,
CTSH,88430000000,73460000000,61210000000,45920000000,32780000000,28160000000,21350000000,14240000000,885830000,586673000,368231000,229086000,177778000,137031000,88904000,58606000,N/A,N/A,
CL,174200000000,170850000000,167340000000,155640000000,153270000000,153290000000,137890000000,122370000000,113960000000,105840000000,99030000000,92940000000,94270000000,93570000000,91180000000,45550000000,N/A,N/A,
CMCSA,646570000000,625700000000,558420000000,379370000000,357560000000,342560000000,308950000000,249660000000,222550000000,203070000000,183480000000,124600000000,96740000000,82180000000,62090000000,51450000000,25970000000,N/A,
CMA,26100000000,26810000000,26010000000,26420000000,31550000000,39440000000,46180000000,42900000000,36680000000,30940000000,32990000000,36970000000,42390000000,40880000000,33890000000,16110000000,N/A,N/A,
CSC,96690000000,149930000000,153640000000,155820000000,159210000000,164310000000,164990000000,148540000000,146150000000,140580000000,147670000000,113460000000,114260000000,105240000000,93700000000,76590000000,N/A,N/A,
CAG,123860000000,120140000000,123480000000,116050000000,120280000000,115790000000,145660000000,145220000000,198390000000,276290000000,271940000000,255340000000,245940000000,N/A,N/A,
COP,544130000000,579670000000,877700000000,1377150000000,1493410000000,2461820000000,1944950000000,1885230000000,1833640000000,1369160000000,1050970000000,207110000000,
CNX,37370000000,40410000000,45750000000,52360000000,46210000000,46520000000,37620000000,37150000000,38100000000,27760000000,22220000000,21830000000,539584000,N/A,N/A,
ED,123540000000,121880000000,128860000000,133250000000,130320000000,135830000000,131200000000,121370000000,116900000000,97580000000,98270000000,84810000000,96330000000,94310000000,74910000000,70930000000,N/A,N/A,
STZ,35760000000,27960000000,26540000000,33320000000,33640000000,36540000000,37730000000,52160000000,46030000000,40870000000,35520000000,27310000000,36330000000,23960000000,23400000000,835029000,12120000000,N/A,
GLW,78190000000,80120000000,78900000000,66320000000,53950000000,59480000000,58600000000,51740000000,45790000000,38540000000,30900000000,31640000000,62720000000,72730000000,43680000000,18790000000,N/A,N/A,
COST,889150000000,779460000000,714220000000,724830000000,644000000000,601510000000,529350000000,481060000000,425450000000,387620000000,347970000000,321640000000,274560000000,242690000000,N/A,
COV,26390000000,102350000000,98510000000,96070000000,104290000000,102630000000,99100000000,26010000000,N/A,
CCI,30220000000,24320000000,20320000000,18780000000,16850000000,15260000000,13850000000,788221000,676759000,603865000,930348000,901533000,898951000,649165000,345759000,60817000,N/A,N/A,
CSX,120260000000,117630000000,117950000000,106360000000,90410000000,112550000000,100300000000,95660000000,86180000000,59760000000,77930000000,81520000000,81100000000,81910000000,108110000000,46760000000,N/A,N/A,
CMI,173010000000,173340000000,180480000000,132260000000,108000000000,143420000000,130480000000,113620000000,99180000000,84380000000,62960000000,58530000000,56810000000,65970000000,66480000000,31310000000,N/A,N/A,
CVS,1267610000000,1231200000000,1070800000000,957780000000,982150000000,874710000000,763290000000,438130000000,370060000000,305940000000,265880000000,241810000000,222410000000,200870000000,180980000000,79160000000,N/A,N/A,
DHR,191180000000,182600000000,160900000000,125500000000,105160000000,126970000000,110250000000,95960000000,79840000000,68890000000,52930000000,45770000000,37820000000,37770000000,31970000000,17530000000,N/A,N/A,
DRI,39670000000,71130000000,72170000000,29890000000,55670000000,57200000000,25080000000,50030000000,46540000000,20940000000,40210000000,37010000000,16770000000,N/A,N/A,
DVA,117640000000,81860000000,67310000000,62190000000,61000000000,56600000000,52640000000,48800000000,29730000000,22980000000,20160000000,18540000000,16500000000,14860000000,14450000000,657795000,N/A,N/A,
DE,320120000000,260040000000,231120000000,284370000000,240820000000,221470000000,219300000000,199860000000,155340000000,139470000000,132920000000,131360000000,117500000000,32120000000,N/A,
DLPH,164630000000,155190000000,39000000000,
DAL,377730000000,366700000000,351150000000,317550000000,280630000000,226970000000,92440000000,171710000000,161910000000,113610000000,133030000000,133050000000,110160000000,123960000000,N/A,
DNR,24940000000,24360000000,22910000000,18120000000,880131000,13650000000,971950000,731536000,560392000,382972000,333014000,285152000,285111000,181651000,82990000,35068000,N/A,N/A,
XRAY,29500000000,29280000000,25370000000,22210000000,21590000000,21930000000,20090000000,18100000000,17150000000,16940000000,15700000000,15130000000,11290000000,889796000,830864000,795122000,370094000,N/A,
DVN,103970000000,95010000000,114450000000,99400000000,80150000000,153650000000,113620000000,105780000000,107410000000,91890000000,73520000000,43160000000,30750000000,27840000000,734499000,203001000,N/A,N/A,
DO,29200000000,29860000000,33220000000,33220000000,36310000000,35440000000,25670000000,20520000000,12210000000,814662000,680941000,752561000,885349000,659436000,821024000,599215000,N/A,N/A,
DTV,317540000000,297400000000,272260000000,241020000000,215650000000,196930000000,172460000000,147550000000,131640000000,113600000000,101210000000,89340000000,82620000000,72870000000,N/A,
DFS,93700000000,N/A,N/A,
DISCA,55350000000,44870000000,41680000000,37060000000,34580000000,904000000,
DG,130350000000,117960000000,91690000000,85820000000,76600000000,68710000000,61000000000,53220000000,45500000000,38870000000,17740000000,N/A,
DLTR,58820000000,52310000000,46440000000,42420000000,39690000000,33930000000,31260000000,27990000000,N/A,
D,131200000000,128350000000,137650000000,149270000000,147980000000,162900000000,156740000000,164820000000,180410000000,139720000000,120780000000,102180000000,105580000000,92600000000,55200000000,28030000000,N/A,N/A,
DOV,87290000000,81040000000,73690000000,61090000000,53440000000,75680000000,72260000000,65110000000,60780000000,54880000000,44130000000,41830000000,44590000000,54000000000,44460000000,
DOW,570800000000,567860000000,599850000000,536740000000,448750000000,575140000000,535130000000,491240000000,463070000000,401610000000,326320000000,276090000000,278050000000,230080000000,190560000000,88670000000,N/A,N/A,
DPS,59970000000,59950000000,59030000000,56360000000,55310000000,57100000000,
DTE,96610000000,87910000000,88580000000,85250000000,80140000000,93290000000,85060000000,90220000000,90220000000,71140000000,70410000000,67490000000,78490000000,55970000000,47280000000,22120000000,N/A,N/A,
DUK,245980000000,196240000000,145290000000,142720000000,127310000000,132070000000,127200000000,151840000000,167460000000,225030000000,221540000000,326950000000,595030000000,493180000000,217420000000,94810000000,N/A,N/A,
DNB,16550000000,16630000000,17580000000,16760000000,16870000000,17260000000,15990000000,15310000000,14430000000,14140000000,13860000000,12750000000,13040000000,378400000,N/A,
ETFC,14650000000,13640000000,14180000000,15590000000,22330000000,33230000000,35690000000,27860000000,25370000000,20830000000,20080000000,19010000000,20620000000,N/A,N/A,
DD,357340000000,348120000000,336810000000,277000000000,261090000000,318360000000,306530000000,289820000000,284910000000,279950000000,277300000000,245220000000,253700000000,292020000000,278920000000,64550000000,N/A,N/A,
EMN,93500000000,81020000000,71780000000,58420000000,43960000000,67260000000,68300000000,74500000000,70590000000,65800000000,58000000000,53200000000,53900000000,52920000000,45900000000,21680000000,N/A,N/A,
ETN,220460000000,N/A,N/A,
EBAY,160470000000,140720000000,116520000000,91560000000,87270000000,85410000000,76720000000,59690000000,45520000000,32710000000,21650000000,12140000000,748821000,431424000,224724000,32430000,N/A,N/A,
ECL,132530000000,118380000000,67980000000,60890000000,59000000000,61370000000,54690000000,48950000000,45340000000,41840000000,37610000000,34030000000,23540000000,22640000000,20800000000,983404000,N/A,N/A,
EIX,125810000000,118620000000,105880000000,99960000000,123610000000,141120000000,131130000000,126220000000,118520000000,101990000000,121350000000,114880000000,114360000000,117170000000,96700000000,60550000000,N/A,N/A,
EW,20450000000,18990000000,16780000000,14470000000,13210000000,12370000000,10910000000,10370000000,997900000,931500000,860500000,704000000,692000000,804000000,N/A,
EA,24520000000,37970000000,41430000000,35890000000,36540000000,42120000000,36650000000,30910000000,29510000000,31290000000,29570000000,24820000000,17240000000,10150000000,14200000000,944139000,908852000,N/A,
EMC,232220000000,217140000000,200080000000,170150000000,140250000000,148760000000,132300000000,111550000000,96630000000,82290000000,62360000000,54380000000,70900000000,88720000000,67150000000,39730000000,N/A,N/A,
EMR,56060000000,246690000000,244120000000,242220000000,210390000000,201020000000,248070000000,225720000000,201330000000,173050000000,156150000000,139580000000,138240000000,154790000000,155440000000,142690000000,34280000000,N/A,
ESV,49190000000,43000000000,27970000000,16740000000,18880000000,24500000000,21430000000,18130000000,10460000000,768000000,790800000,698100000,817400000,533800000,363700000,332800000,N/A,N/A,
ETR,113900000000,103020000000,112290000000,114870000000,107450000000,130930000000,114840000000,109320000000,101060000000,101230000000,91940000000,83050000000,96200000000,60660000000,N/A,
EOG,144870000000,116820000000,101260000000,60990000000,47860000000,71270000000,41900000000,39040000000,36200000000,22710000000,18250000000,11430000000,16540000000,14890000000,801406000,386050000,N/A,N/A,
EQT,18620000000,13770000000,13230000000,13740000000,13110000000,17500000000,976592000,12670000000,12530000000,11910000000,10470000000,10960000000,17640000000,16520000000,12480000000,407296000,N/A,N/A,
EFX,23030000000,20730000000,18930000000,18590000000,17160000000,19350000000,18430000000,15460000000,14430000000,12720000000,12250000000,11090000000,11390000000,19650000000,17720000000,874420000,N/A,N/A,
EQR,23870000000,17470000000,15250000000,16740000000,16400000000,21030000000,20380000000,19900000000,19540000000,18890000000,18230000000,19940000000,21700000000,20300000000,17530000000,744058000,N/A,N/A,
EL,56930000000,101810000000,97130000000,88100000000,77950000000,73230000000,79100000000,70370000000,64630000000,63360000000,57900000000,51170000000,47430000000,46080000000,43660000000,39610000000,N/A,N/A,
EXC,248880000000,234890000000,190630000000,186440000000,173180000000,188590000000,189160000000,156550000000,153570000000,145150000000,158120000000,149550000000,151400000000,N/A,N/A,
EXPE,47710000000,40300000000,34490000000,30330000000,27430000000,29370000000,26650000000,22370000000,494749000,
EXPD,60800000000,59920000000,61610000000,59670000000,40920000000,56330000000,52350000000,46250000000,39010000000,33170000000,26240000000,22960000000,16520000000,16950000000,14440000000,10630000000,532458000,N/A,
ESRX,1040980000000,937140000000,N/A,
XOM,4347630000000,4665190000000,4823180000000,3832210000000,3105860000000,4773590000000,4045520000000,3776350000000,3706800000000,2980350000000,2467380000000,2045060000000,2134880000000,2327480000000,1855270000000,579180000000,N/A,N/A,
FFIV,406452000,14810000000,13770000000,11510000000,881972000,653079000,650173000,525667000,394049000,281410000,171190000,115895000,108266000,107367000,108645000,21368000,N/A,N/A,
FB,78720000000,50890000000,N/A,
FDO,24990000000,103910000000,93310000000,85470000000,78660000000,74000000000,69830000000,68340000000,63940000000,58240000000,52810000000,47500000000,41620000000,36650000000,31320000000,27510000000,N/A,N/A,
FAST,33260000000,31330000000,27660000000,22690000000,19300000000,23400000000,20610000000,18090000000,15230000000,12380000000,994928000,905438000,818283000,745740000,609186000,503100000,212665000,N/A,
FDX,393040000000,347340000000,354970000000,379530000000,352140000000,322940000000,293630000000,247100000000,224870000000,206070000000,196290000000,182560000000,167730000000,40770000000,N/A,
FIS,60700000000,58070000000,56250000000,51450000000,37110000000,34650000000,47580000000,41320000000,11170000000,10390000000,10150000000,10070000000,450731000,N/A,N/A,
FITB,72000000000,71060000000,66730000000,72180000000,94500000000,86400000000,84940000000,84720000000,74950000000,66160000000,64740000000,63230000000,65060000000,42760000000,36150000000,26540000000,987589000,N/A,
FSLR,33080000000,33680000000,27660000000,25630000000,20660000000,12460000000,503976000,134974000,N/A,
FE,149170000000,152730000000,161050000000,133390000000,129730000000,136270000000,128020000000,115010000000,119890000000,124530000000,123070000000,122300000000,79990000000,70280000000,18790000000,58610000000,N/A,N/A,
FISV,48140000000,44360000000,42890000000,41330000000,40770000000,47390000000,39220000000,45440000000,40590000000,37290000000,30330000000,25680000000,18900000000,16530000000,14070000000,12330000000,507727000,N/A,
FLIR,14960000000,14050000000,15440000000,13880000000,11470000000,10760000000,779397000,575000000,508561000,482651000,311979000,261080000,214373000,186357000,186448000,153932000,56011000,N/A,
FLS,49540000000,47510000000,45100000000,40320000000,43650000000,44730000000,37620000000,30610000000,26950000000,26380000000,24040000000,22510000000,19170000000,15380000000,10610000000,544042000,N/A,N/A,
FLR,273510000000,275770000000,233810000000,208490000000,219900000000,223250000000,166910000000,140780000000,131610000000,93800000000,88050000000,99580000000,89720000000,N/A,N/A,
FMC,38740000000,34090000000,30360000000,31160000000,28260000000,31150000000,26320000000,23470000000,21500000000,20510000000,19210000000,18520000000,28340000000,39250000000,41100000000,21840000000,N/A,N/A,
FTI,71260000000,61510000000,50990000000,41250000000,44050000000,45500000000,46150000000,37900000000,32260000000,27670000000,23070000000,20710000000,10200000000,N/A,N/A,
F,1469170000000,1335590000000,1356050000000,1289540000000,1162830000000,1462770000000,1724550000000,1601230000000,1768960000000,1716520000000,1650660000000,1634200000000,1624120000000,1700640000000,1625580000000,707340000000,N/A,N/A,
FRX,25540000000,30960000000,45650000000,43900000000,41570000000,39220000000,38360000000,34410000000,29620000000,31590000000,26800000000,22450000000,16010000000,12050000000,899301000,623988000,N/A,N/A,
FOSL,32590000000,28570000000,25670000000,20300000000,15480000000,15830000000,14320000000,12130000000,10400000000,959960000,781175000,663338000,545541000,504285000,418762000,304743000,140416000,N/A,
BEN,20960000000,79380000000,70640000000,71020000000,58360000000,41900000000,60320000000,62050000000,50500000000,43100000000,34380000000,26240000000,25180000000,23540000000,23400000000,22620000000,598586000,N/A,
FCX,209210000000,180100000000,208800000000,189820000000,150400000000,177960000000,169390000000,57900000000,41790000000,23710000000,22120000000,19100000000,18380000000,18680000000,18870000000,927142000,N/A,N/A,
FTR,47610000000,50110000000,52430000000,27610000000,21170000000,22370000000,11340000000,20250000000,21620000000,11020000000,24440000000,26690000000,11300000000,18020000000,11290000000,
GME,94730000000,90780000000,88050000000,70930000000,53180000000,30910000000,18420000000,15780000000,13520000000,514211000,N/A,N/A,
GCI,51610000000,53530000000,52390000000,54380000000,55090000000,67670000000,74390000000,80330000000,75980000000,73810000000,67110000000,64220000000,63440000000,62220000000,52600000000,26170000000,N/A,N/A,
GPS,146640000000,141970000000,145260000000,157630000000,159430000000,160230000000,162670000000,158540000000,144540000000,138470000000,136730000000,116350000000,54290000000,N/A,N/A,
GRMN,26310000000,27150000000,27580000000,26890000000,29460000000,34940000000,31800000000,17740000000,10270000000,762549000,572989000,465144000,369119000,85662000,N/A,
GD,312180000000,315130000000,326770000000,324660000000,319810000000,293000000000,272400000000,240630000000,212440000000,191780000000,166170000000,138290000000,121630000000,103560000000,89590000000,26380000000,N/A,N/A,
GE,1460450000000,1466840000000,1465420000000,1495670000000,1544380000000,1825150000000,1727380000000,1633910000000,1502420000000,1528660000000,1341870000000,1316980000000,1259130000000,1298530000000,1116300000000,527730000000,N/A,N/A,
GGP,25270000000,24660000000,23960000000,377130000,N/A,N/A,
GIS,148800000000,146350000000,145550000000,136520000000,124420000000,116400000000,112440000000,110700000000,105060000000,79490000000,70770000000,67000000000,62460000000,N/A,N/A,
GM,1554270000000,1522560000000,1502760000000,1355920000000,306900000000,N/A,
GPC,140770000000,130130000000,124580000000,112070000000,100570000000,110150000000,108430000000,104570000000,97830000000,90970000000,84490000000,82580000000,82200000000,83690000000,79810000000,34610000000,N/A,N/A,
GNW,94030000000,96400000000,99230000000,100890000000,90690000000,99480000000,111250000000,110290000000,105040000000,110570000000,N/A,N/A,
GILD,112010000000,97020000000,83850000000,79490000000,70110000000,53350000000,42300000000,30260000000,20280000000,13240000000,867864000,466790000,233769000,195555000,168979000,32570000,14846000,N/A,
GS,342060000000,341630000000,288110000000,391610000000,451730000000,N/A,
GT,195400000000,209920000000,227670000000,188320000000,163010000000,194880000000,196440000000,202580000000,197230000000,183700000000,151190000000,138500000000,141470000000,144170000000,128800000000,63940000000,N/A,N/A,
GOOG,598250000000,501750000000,379050000000,293210000000,236510000000,217950000000,165930000000,106040000000,61380000000,18370000000,N/A,N/A,
GHC,34870000000,34550000000,35250000000,45860000000,43260000000,44610000000,41800000000,39040000000,35530000000,33000000000,28380000000,25840000000,24160000000,24120000000,22150000000,11000000000,N/A,N/A,
GWW,94370000000,89500000000,80780000000,71820000000,62210000000,68500000000,64180000000,58830000000,55260000000,50490000000,46670000000,46430000000,47540000000,49770000000,45330000000,21650000000,N/A,N/A,
HAL,294020000000,285030000000,248290000000,179730000000,146750000000,182790000000,152640000000,225760000000,209940000000,204660000000,162710000000,124980000000,130460000000,119440000000,148980000000,168910000000,N/A,N/A,
HOG,58990000000,55800000000,53110000000,48590000000,47810000000,59710000000,61430000000,61850000000,56730000000,53200000000,49030000000,43020000000,35440000000,29430000000,24800000000,10910000000,N/A,N/A,
HAR,24990000000,42970000000,43640000000,37720000000,33640000000,28540000000,41120000000,35510000000,32470000000,30300000000,27110000000,22280000000,18260000000,17160000000,16770000000,15000000000,N/A,N/A,
HRS,24150000000,51110000000,54510000000,54180000000,47250000000,62160000000,53110000000,42430000000,34740000000,30000000000,25180000000,20920000000,18750000000,19550000000,18070000000,27970000000,N/A,N/A,
HIG,262360000000,261220000000,217330000000,220490000000,244330000000,96120000000,259160000000,265000000000,270830000000,226930000000,187330000000,163070000000,153830000000,147030000000,135280000000,78010000000,N/A,N/A,
HAS,40820000000,40880000000,42850000000,40020000000,40670000000,40210000000,38370000000,31510000000,30870000000,29970000000,31380000000,28160000000,28560000000,37870000000,42320000000,22490000000,N/A,N/A,
HCP,20990000000,18790000000,16940000000,12400000000,11460000000,10250000000,982509000,619087000,477276000,428684000,400183000,359576000,332460000,329807000,224793000,87267000,N/A,N/A,
HCN,28470000000,17650000000,12720000000,537716000,523288000,551214000,486022000,322824000,281847000,251395000,201031000,163118000,135120000,135270000,128604000,53607000,N/A,N/A,
HP,889152000,33870000000,31510000000,25430000000,18750000000,18430000000,20360000000,16290000000,12240000000,800726000,620928000,515284000,515190000,826854000,631095000,564319000,165292000,N/A,
HSY,71460000000,66440000000,60800000000,56710000000,52980000000,51320000000,49460000000,49440000000,48350000000,44290000000,41720000000,41200000000,45570000000,42200000000,39700000000,24570000000,N/A,N/A,
HES,222840000000,233810000000,287330000000,338620000000,296140000000,412090000000,316470000000,287200000000,232550000000,171260000000,144800000000,120930000000,136130000000,122770000000,74610000000,30500000000,N/A,N/A,
HPQ,1272450000000,1260330000000,1145520000000,1183640000000,1042860000000,916580000000,866960000000,799050000000,730610000000,565880000000,452260000000,487820000000,423700000000,122260000000,N/A,
HD,679970000000,661760000000,712880000000,773490000000,908370000000,815110000000,730940000000,648160000000,582470000000,535530000000,457380000000,384340000000,149560000000,N/A,N/A,
HON,390550000000,376650000000,365290000000,323500000000,299510000000,365560000000,345890000000,313670000000,276530000000,256010000000,231030000000,222740000000,236520000000,250230000000,237350000000,76130000000,N/A,N/A,
HRL,78950000000,72200000000,65330000000,67540000000,61930000000,57450000000,54130000000,47790000000,42000000000,39100000000,41240000000,36750000000,33570000000,912037000,N/A,
DHI,16700000000,62590000000,43540000000,36360000000,44000000000,36570000000,66460000000,112960000000,150510000000,138630000000,108400000000,87280000000,67380000000,44550000000,36530000000,31560000000,686921000,N/A,
HSP,40020000000,40920000000,40570000000,39170000000,38790000000,36290000000,34360000000,26880000000,26260000000,26450000000,N/A,N/A,
HST,51660000000,50590000000,47140000000,43610000000,41350000000,52880000000,54260000000,48880000000,38810000000,25400000000,34480000000,36800000000,27050000000,14730000000,N/A,
HCBK,14000000000,16840000000,22810000000,29470000000,29750000000,26610000000,21340000000,16210000000,11860000000,931615000,806992000,792230000,695192000,618582000,277618000,
HUM,413130000000,391260000000,368320000000,335960000000,307430000000,289460000000,252890000000,214160000000,144180000000,131040000000,122260000000,112610000000,101940000000,105140000000,101130000000,49330000000,N/A,N/A,
HBAN,28580000000,30280000000,29500000000,31870000000,32430000000,37020000000,34490000000,27040000000,22820000000,21650000000,23740000000,26340000000,24480000000,26020000000,25990000000,24370000000,13540000000,N/A,
ITW,141350000000,147910000000,145150000000,154160000000,135720000000,158690000000,161700000000,140550000000,129210000000,117310000000,100350000000,94670000000,92920000000,99830000000,93330000000,28860000000,N/A,N/A,
IR,123500000000,119880000000,127600000000,140010000000,130090000000,N/A,
TEG,56340000000,42120000000,46850000000,51690000000,74990000000,140470000000,102920000000,68900000000,69620000000,48900000000,43210000000,26740000000,26750000000,19510000000,10980000000,567307000,N/A,N/A,
INTC,527080000000,533410000000,539990000000,436230000000,351270000000,375860000000,383340000000,353820000000,388260000000,342090000000,301410000000,267640000000,265390000000,337260000000,293890000000,262730000000,126620000000,N/A,
ICE,
IPG,71220000000,69560000000,70140000000,65070000000,60070000000,69620000000,65540000000,61900000000,62740000000,63870000000,58630000000,62030000000,67230000000,56250000000,45610000000,22210000000,N/A,N/A,
IBM,997510000000,1045070000000,1069160000000,998700000000,957590000000,1036300000000,987860000000,914240000000,911340000000,962930000000,891310000000,811860000000,874010000000,883960000000,875480000000,452260000000,N/A,N/A,
IFF,29520000000,28210000000,27880000000,26220000000,23260000000,23890000000,22760000000,20950000000,19930000000,20330000000,19010000000,18090000000,18430000000,14620000000,14390000000,668685000,N/A,N/A,
IGT,541200000,23410000000,21500000000,19570000000,19170000000,20180000000,25280000000,26210000000,25110000000,23790000000,24840000000,21280000000,18470000000,11990000000,898404000,929662000,254039000,N/A,
IP,290800000000,278330000000,260340000000,251790000000,233660000000,248290000000,218900000000,219950000000,240970000000,255480000000,251790000000,249760000000,263630000000,281800000000,245730000000,
INTU,34490000000,34030000000,31090000000,30700000000,26720000000,23420000000,20370000000,18670000000,16500000000,13580000000,12610000000,10930000000,847568000,592736000,N/A,
ISRG,22650000000,21780000000,17570000000,14130000000,10520000000,874919000,600828000,372682000,227338000,138803000,91675000,72022000,51673000,26624000,N/A,
IVZ,46440000000,40500000000,39820000000,34870000000,26270000000,33070000000,
IRM,30250000000,30050000000,30140000000,28920000000,27740000000,30550000000,27300000000,23500000000,20780000000,18170000000,15010000000,13180000000,11710000000,986371000,519549000,149864000,N/A,N/A,
JBL,46110000000,183360000000,171510000000,165180000000,134090000000,116840000000,127790000000,122900000000,102650000000,75240000000,62520000000,47290000000,35450000000,43300000000,35580000000,20000000000,N/A,N/A,
JEC,30680000000,118180000000,108930000000,103810000000,99150000000,114670000000,112520000000,84730000000,74210000000,56350000000,45940000000,46150000000,45550000000,39560000000,34180000000,28750000000,544976000,N/A,
JNJ,713120000000,672240000000,650300000000,615870000000,618970000000,637470000000,610950000000,533240000000,505140000000,473480000000,418620000000,362980000000,330040000000,291390000000,274710000000,120910000000,N/A,N/A,
JCI,109080000000,427300000000,419550000000,408330000000,343050000000,284970000000,380620000000,346240000000,322350000000,274790000000,265530000000,226460000000,201030000000,184270000000,171540000000,161390000000,33330000000,N/A,
JOY,44030000000,35240000000,35980000000,34180000000,25470000000,24010000000,19270000000,14320000000,12150000000,11500000000,10430000000,N/A,
JPM,963810000000,936460000000,896600000000,860550000000,1004340000000,1121900000000,1163530000000,998450000000,799020000000,569310000000,443630000000,441180000000,523130000000,611010000000,337100000000,
JNPR,46690000000,43650000000,44480000000,40930000000,33150000000,35720000000,28360000000,23030000000,20630000000,13360000000,701393000,546547000,887022000,673501000,102606000,
KSU,23690000000,22380000000,20980000000,
K,147920000000,141970000000,131980000000,123970000000,125750000000,128220000000,117760000000,109060000000,101770000000,96130000000,88110000000,83040000000,88530000000,69540000000,69840000000,34050000000,N/A,N/A,
KEY,43860000000,45610000000,45770000000,53620000000,58300000000,66580000000,79250000000,75070000000,66950000000,55640000000,57300000000,61350000000,73520000000,84990000000,79890000000,
KMB,211520000000,210630000000,208460000000,197460000000,191150000000,194150000000,182660000000,167460000000,159020000000,150830000000,143480000000,135660000000,145240000000,139820000000,130060000000,62070000000,N/A,N/A,
KIM,946673000,874403000,814477000,826806000,755446000,824703000,750594000,653380000,522545000,587571000,450157000,551932000,471784000,459407000,443070000,210333000,N/A,N/A,
KMI,140700000000,99730000000,79430000000,16150000000,N/A,N/A,
KLAC,13630000000,28420000000,31710000000,31750000000,18200000000,15200000000,25210000000,27310000000,20700000000,20850000000,14960000000,13230000000,16370000000,21030000000,14980000000,843181000,11660000000,N/A,
KSS,183910000000,171780000000,163890000000,164730000000,155440000000,134020000000,117000000000,102820000000,91200000000,74880000000,61510000000,45570000000,21780000000,N/A,N/A,
KRFT,182180000000,44920000000,N/A,
KR,820490000000,766090000000,761480000000,702350000000,661110000000,605530000000,564340000000,537910000000,517600000000,500980000000,490000000000,453520000000,
LB,96130000000,86320000000,72000000000,68580000000,106710000000,96990000000,60790000000,89340000000,84450000000,62250000000,101040000000,97230000000,19990000000,N/A,N/A,
LLL,126290000000,131460000000,131580000000,133900000000,156150000000,149010000000,139600000000,124760000000,94440000000,68960000000,50610000000,40110000000,23470000000,19100000000,14050000000,620057000,N/A,N/A,
LH,58080000000,56710000000,55420000000,50030000000,46940000000,45050000000,20040000000,35900000000,24740000000,752500000,29390000000,25070000000,525400000,19190000000,16980000000,
LRCX,21310000000,35980000000,26650000000,32370000000,21330000000,11150000000,24740000000,25660000000,16420000000,15020000000,935946000,755234000,943114000,15190000000,12300000000,647955000,10520000000,N/A,
LM,20210000000,25490000000,25740000000,26920000000,25080000000,33570000000,46340000000,43430000000,26450000000,24890000000,20040000000,16150000000,15780000000,15360000000,13700000000,10460000000,N/A,N/A,
LEG,37460000000,37060000000,36180000000,33590000000,30550000000,40760000000,43060000000,55050000000,52990000000,50850000000,43880000000,42710000000,41130000000,42760000000,37790000000,17210000000,N/A,N/A,
LEN,59350000000,41050000000,30950000000,30740000000,31190000000,45750000000,101860000000,162660000000,138660000000,105040000000,89070000000,73190000000,60290000000,47060000000,31180000000,
LUK,95310000000,78100000000,281673000,374604000,547364000,10800000000,11540000000,862672000,20980000000,22620000000,556375000,283760000,399874000,715487000,706632000,232144000,N/A,N/A,
LIFE,
LLY,231130000000,226030000000,242860000000,118410000000,218360000000,203780000000,88570000000,156910000000,146450000000,69330000000,125820000000,110770000000,58390000000,108620000000,100020000000,
LNC,119690000000,115350000000,106410000000,104150000000,84990000000,98830000000,105940000000,90630000000,54870000000,53710000000,52830000000,46350000000,64950000000,68510000000,68030000000,31310000000,N/A,N/A,
LLTC,674952000,12820000000,12660000000,14830000000,11690000000,968498000,11750000000,10830000000,10920000000,10490000000,807281000,606573000,512282000,972625000,705917000,506669000,484799000,N/A,
LMT,453580000000,471820000000,464990000000,456710000000,438670000000,427310000000,418620000000,396200000000,372130000000,355260000000,318240000000,265780000000,239900000000,253290000000,255300000000,135290000000,N/A,N/A,
L,150530000000,145520000000,141290000000,146150000000,141170000000,145430000000,183800000000,179110000000,160170000000,152480000000,164610000000,174950000000,194170000000,212610000000,217160000000,110080000000,N/A,N/A,
LO,69500000000,66230000000,64660000000,59320000000,52330000000,22130000000,
LOW,488150000000,472200000000,482300000000,482830000000,469270000000,432430000000,364640000000,308380000000,264910000000,221110000000,187780000000,159050000000,59190000000,N/A,N/A,
LSI,23700000000,25060000000,20430000000,18690000000,15810000000,26770000000,26030000000,19820000000,19190000000,17000000000,16930000000,18160000000,17840000000,27370000000,20890000000,835750000,N/A,N/A,
LYB,440620000000,453520000000,481830000000,83980000000,N/A,N/A,
MTB,48220000000,46080000000,43740000000,38370000000,37730000000,44010000000,46030000000,43590000000,37660000000,32410000000,29570000000,23540000000,25790000000,21000000000,17610000000,847597000,N/A,N/A,
MAC,10290000000,797517000,684744000,711557000,793048000,901490000,813272000,829656000,767385000,547268000,486004000,378924000,334573000,320092000,327444000,161279000,N/A,N/A,
M,250030000000,234890000000,248920000000,263130000000,269700000000,223900000000,156300000000,152640000000,154350000000,156510000000,184070000000,177160000000,88540000000,N/A,N/A,
MRO,145010000000,156920000000,146690000000,219300000000,375770000000,785690000000,652070000000,654490000000,636730000000,499070000000,412340000000,317200000000,332490000000,399140000000,295830000000,138560000000,N/A,N/A,
MPC,1001600000000,822430000000,400360000000,
MAR,127840000000,118140000000,123170000000,116910000000,75280000000,128790000000,91540000000,121600000000,115500000000,69580000000,90140000000,84410000000,72840000000,100800000000,87390000000,22630000000,N/A,N/A,
MMC,122610000000,119240000000,115260000000,105500000000,98310000000,115870000000,113500000000,119210000000,116520000000,121590000000,115880000000,104400000000,99430000000,101570000000,91570000000,36640000000,N/A,N/A,
MAS,81730000000,74950000000,71700000000,74860000000,76570000000,96000000000,117700000000,127780000000,126420000000,120740000000,109360000000,94190000000,83580000000,72430000000,63070000000,22210000000,N/A,N/A,
MA,83460000000,73910000000,67140000000,55390000000,50990000000,49910000000,40670000000,33260000000,N/A,
MAT,64840000000,64200000000,62660000000,58560000000,54300000000,59180000000,59700000000,56500000000,51790000000,51020000000,49600000000,48850000000,48040000000,46690000000,55140000000,32150000000,N/A,N/A,
MKC,36970000000,33360000000,31920000000,31760000000,29160000000,27160000000,25920000000,25260000000,22690000000,23200000000,23720000000,21230000000,20060000000,18810000000,979844000,
MCD,281050000000,275670000000,270060000000,240740000000,227440000000,235220000000,227860000000,215860000000,204600000000,190640000000,171400000000,154050000000,148700000000,142430000000,132590000000,64350000000,N/A,N/A,
MHFI,48750000000,44500000000,47260000000,45760000000,58700000000,63550000000,67720000000,62550000000,60030000000,52500000000,49990000000,47870000000,46450000000,42800000000,39910000000,21440000000,N/A,N/A,
MCK,994680000000,1224550000000,1227340000000,1120840000000,1087020000000,1066320000000,1017030000000,929770000000,880500000000,805140000000,695060000000,571200000000,500060000000,420100000000,367340000000,95910000000,N/A,N/A,
MJN,42000000000,39010000000,36770000000,31410000000,28260000000,N/A,
MWV,53890000000,52870000000,51790000000,49460000000,54060000000,66370000000,69060000000,65300000000,61700000000,82270000000,75530000000,72420000000,
MDT,155080000000,153920000000,145990000000,135150000000,122990000000,112920000000,100540000000,90870000000,76650000000,64100000000,55510000000,50140000000,41340000000,N/A,N/A,
MRK,440330000000,472670000000,480470000000,459860000000,274280000000,185020000000,126900000000,105940000000,95080000000,82720000000,83340000000,101800000000,98020000000,98150000000,91760000000,40450000000,N/A,N/A,
MET,681990000000,681500000000,702410000000,522470000000,406570000000,509890000000,530070000000,483960000000,447760000000,390140000000,357890000000,331470000000,325310000000,319470000000,N/A,
KORS,23930000000,N/A,N/A,
MCHP,14370000000,15810000000,13830000000,14870000000,947729000,903297000,10350000000,10390000000,927893000,846936000,699260000,651462000,571254000,715730000,495729000,406460000,396894000,N/A,
MU,40420000000,90730000000,82340000000,87880000000,84820000000,48030000000,58410000000,56880000000,52720000000,48800000000,44040000000,30910000000,25890000000,39350000000,73360000000,37640000000,N/A,N/A,
MSFT,430480000000,778490000000,737230000000,699430000000,624840000000,584370000000,604200000000,511220000000,442820000000,397880000000,368350000000,321870000000,283650000000,252960000000,229560000000,197470000000,144840000000,N/A,
MHK,73480000000,57870000000,56420000000,53190000000,53440000000,68260000000,75860000000,79050000000,66200000000,58800000000,50050000000,45220000000,34450000000,32550000000,30830000000,16330000000,N/A,N/A,
TAP,42060000000,39160000000,35150000000,32540000000,30320000000,47740000000,61900000000,58440000000,55060000000,43050000000,40000000000,37760000000,24290000000,24140000000,20560000000,14550000000,902330000,N/A,
MDLZ,352990000000,350150000000,396770000000,354340000000,387540000000,422010000000,372410000000,343560000000,341130000000,321680000000,310100000000,297230000000,338750000000,N/A,N/A,
MON,118220000000,104830000000,116850000000,113650000000,85630000000,73440000000,62940000000,54570000000,28290000000,
MNST,22460000000,20600000000,17030000000,13030000000,11430000000,10330000000,904465000,605774000,348886000,180341000,110352000,92046000,92279000,79732000,72303000,53866000,24441000,N/A,
MCO,29720000000,27300000000,22800000000,20320000000,17970000000,17550000000,22590000000,20370000000,17310000000,14380000000,12460000000,10230000000,796700000,865400000,19710000000,979400000,N/A,N/A,
MS,324170000000,261020000000,322270000000,312300000000,232800000000,N/A,
MOS,70770000000,67590000000,102980000000,98120000000,57730000000,53050000000,25940000000,N/A,N/A,
MSI,86960000000,86980000000,82030000000,76170000000,133610000000,301460000000,366220000000,428790000000,368430000000,313230000000,270580000000,266790000000,300040000000,375800000000,309310000000,154890000000,N/A,N/A,
MUR,138490000000,141000000000,207810000000,200920000000,168950000000,275120000000,184390000000,143070000000,118770000000,83590000000,53450000000,39840000000,44780000000,46390000000,20410000000,809552000,N/A,N/A,
MYL,69090000000,67960000000,61290000000,54500000000,50920000000,51370000000,10650000000,N/A,N/A,
NBR,61520000000,68430000000,60130000000,41340000000,36620000000,55330000000,49400000000,49420000000,35510000000,24480000000,19220000000,15190000000,22250000000,14090000000,642264000,208240000,N/A,N/A,
NDAQ,31000000000,30230000000,33190000000,30890000000,33090000000,36480000000,24360000000,16570000000,879919000,540441000,589845000,799217000,857232000,N/A,N/A,
NOV,228690000000,200410000000,146580000000,121560000000,127120000000,134310000000,97890000000,70250000000,46440000000,23180000000,20040000000,15210000000,17470000000,11490000000,745215000,575318000,N/A,N/A,
NTAP,51220000000,39310000000,34060000000,33030000000,28040000000,20660000000,15980000000,11700000000,892068000,798369000,10060000000,579300000,289420000,166163000,N/A,
NFLX,43740000000,36090000000,32040000000,21620000000,16700000000,13640000000,12050000000,996660000,682213000,506228000,272243000,152806000,
NWL,56920000000,55790000000,55110000000,56580000000,54830000000,64700000000,64070000000,62010000000,63420000000,67480000000,77500000000,74530000000,69090000000,69340000000,64130000000,20260000000,N/A,N/A,
NFX,17890000000,14760000000,17940000000,18830000000,13380000000,22250000000,17830000000,16730000000,17620000000,13520000000,10160000000,661750000,749405000,526642000,281967000,95801000,N/A,N/A,
NEM,83220000000,98680000000,103580000000,47900000000,77050000000,61990000000,25580000000,49870000000,44060000000,21310000000,32140000000,27450000000,793336000,18190000000,14310000000,
NWSA,43100000000,N/A,N/A,
NEE,151360000000,142560000000,153410000000,153170000000,156430000000,164100000000,152630000000,157100000000,118460000000,105220000000,96300000000,83110000000,84750000000,70820000000,64380000000,
NLSN,57030000000,54070000000,53280000000,13710000000,N/A,N/A,
NKE,201170000000,190140000000,191760000000,186270000000,163250000000,149540000000,137390000000,122530000000,106970000000,98930000000,94880000000,89950000000,87760000000,N/A,N/A,
NI,56570000000,50300000000,57510000000,63710000000,66510000000,64880000000,79390000000,74900000000,78990000000,66660000000,20910000000,19220000000,46050000000,60300000000,16480000000,
NE,42340000000,35470000000,26950000000,28070000000,36400000000,N/A,
NBL,50150000000,42230000000,34040000000,25950000000,23130000000,39010000000,32720000000,29400000000,21860000000,13510000000,10100000000,14430000000,15770000000,13930000000,909842000,416077000,N/A,N/A,
JWN,97000000000,86270000000,85730000000,88280000000,85600000000,77220000000,50310000000,64480000000,59750000000,40030000000,55280000000,51240000000,35810000000,25440000000,N/A,
NSC,112450000000,110400000000,111720000000,95160000000,79690000000,106610000000,94320000000,94070000000,85270000000,73120000000,64680000000,62700000000,61700000000,61590000000,51950000000,20760000000,N/A,N/A,
NU,73010000000,62730000000,44650000000,48980000000,54390000000,58000000000,58220000000,68840000000,73970000000,66860000000,60690000000,52160000000,68730000000,30790000000,N/A,
NTRS,43110000000,41930000000,41690000000,40250000000,41930000000,57340000000,53950000000,44730000000,37910000000,28290000000,25970000000,27750000000,32610000000,35480000000,32370000000,25740000000,12030000000,N/A,
NOC,246610000000,252180000000,264120000000,281430000000,276500000000,338870000000,320180000000,301480000000,307210000000,298530000000,262060000000,172060000000,135580000000,N/A,N/A,
NRG,112950000000,84220000000,90790000000,88490000000,89520000000,68850000000,59890000000,56230000000,27080000000,23610000000,22810000000,13660000000,845036000,N/A,N/A,
NUE,190520000000,194290000000,200230000000,158440000000,111900000000,236630000000,165920000000,147510000000,127000000000,113760000000,62650000000,48010000000,41390000000,45860000000,40090000000,18840000000,N/A,N/A,
NVDA,35430000000,33260000000,34240000000,40970000000,30680000000,23750000000,20100000000,18220000000,19090000000,13690000000,735264000,374505000,65537000,N/A,N/A,
ORLY,66490000000,61820000000,57880000000,53970000000,48470000000,35760000000,25220000000,22830000000,20450000000,17210000000,15110000000,13120000000,10920000000,890421000,754122000,616302000,165479000,N/A,
OXY,244550000000,241720000000,239390000000,190450000000,148140000000,244800000000,200130000000,181600000000,118680000000,84390000000,94470000000,77830000000,117450000000,145430000000,85510000000,18350000000,N/A,N/A,
OMC,145840000000,142190000000,138720000000,125420000000,117200000000,133590000000,126940000000,113760000000,104810000000,97470000000,86210000000,75360000000,68890000000,61540000000,51300000000,21790000000,N/A,N/A,
OKE,146020000000,126320000000,148050000000,126780000000,108050000000,161570000000,134770000000,118960000000,126760000000,59880000000,29980000000,31920000000,68030000000,82620000000,N/A,
ORCL,356220000000,268200000000,232520000000,224300000000,179960000000,143800000000,117990000000,101560000000,94750000000,96730000000,108590000000,101300000000,88270000000,71430000000,N/A,
OI,69670000000,70000000000,73580000000,66330000000,66520000000,78840000000,76590000000,75230000000,71890000000,62630000000,61580000000,57600000000,60130000000,58140000000,57860000000,29080000000,N/A,N/A,
PCAR,166610000000,165960000000,159320000000,98710000000,75840000000,149720000000,152210000000,164540000000,140570000000,114560000000,82360000000,72180000000,60880000000,79190000000,90210000000,78940000000,35900000000,N/A,
PLL,25170000000,21850000000,23290000000,25710000000,22490000000,20160000000,19020000000,17700000000,16130000000,12900000000,12350000000,12240000000,11470000000,N/A,N/A,
PH,63320000000,130150000000,131450000000,123450000000,99930000000,103090000000,121450000000,107180000000,93850000000,82150000000,71060000000,64100000000,61490000000,59790000000,53550000000,49580000000,N/A,N/A,
PDCO,34150000000,32370000000,30940000000,29980000000,27980000000,26150000000,24210000000,19690000000,16560000000,14150000000,11560000000,10400000000,878773000,778169000,N/A,
PAYX,20840000000,20000000000,20820000000,20660000000,18860000000,16740000000,14450000000,12940000000,10990000000,954910000,869857000,728119000,11750000000,993445000,N/A,
BTU,70130000000,80770000000,78950000000,66680000000,58470000000,65930000000,45740000000,52560000000,46440000000,36310000000,28290000000,27170000000,13690000000,N/A,N/A,
PNR,74790000000,44160000000,34560000000,30300000000,26920000000,33510000000,33980000000,31540000000,29460000000,22780000000,27240000000,25800000000,26150000000,27480000000,33430000000,10000000000,N/A,N/A,
PBCT,13370000000,13480000000,13490000000,10930000000,10510000000,12200000000,892400000,367700000,679700000,
POM,46660000000,46250000000,49640000000,70400000000,74020000000,97140000000,83620000000,90480000000,72210000000,72710000000,16070000000,N/A,
PEP,664150000000,654920000000,665040000000,578380000000,432320000000,432510000000,394740000000,351370000000,325620000000,292610000000,269710000000,251120000000,269350000000,204380000000,203670000000,127370000000,N/A,N/A,
PKI,21660000000,21150000000,19180000000,17010000000,15500000000,19370000000,17870000000,15460000000,14730000000,16870000000,15350000000,15040000000,13300000000,16950000000,13630000000,695678000,N/A,N/A,
PRGO,933400000,35390000000,31730000000,27550000000,22680000000,20050000000,18220000000,14470000000,16910000000,10310000000,898204000,856567000,445810000,753488000,738555000,438419000,902637000,N/A,
PETM,56930000000,53360000000,50650000000,46720000000,42330000000,37600000000,33630000000,29960000000,26950000000,25010000000,22240000000,21100000000,21090000000,952085000,N/A,
PFE,515840000000,546570000000,610350000000,651650000000,492690000000,482960000000,484180000000,483710000000,512980000000,525160000000,451880000000,323730000000,322590000000,295740000000,162040000000,65720000000,N/A,N/A,
PCG,155980000000,150400000000,149560000000,138410000000,133990000000,146280000000,132370000000,125390000000,117030000000,110800000000,104350000000,125340000000,229590000000,262200000000,208200000000,108020000000,N/A,N/A,
PM,800290000000,773930000000,763460000000,677130000000,620800000000,636400000000,
PSX,1715960000000,1792900000000,N/A,
PNW,34540000000,33010000000,32410000000,31890000000,31530000000,33670000000,35230000000,34010000000,29870000000,28990000000,28170000000,26370000000,45510000000,36900000000,24230000000,12450000000,N/A,N/A,
PXD,34890000000,26970000000,20940000000,19840000000,14020000000,23380000000,18350000000,16320000000,23730000000,18460000000,13120000000,717434000,876481000,912697000,710135000,337835000,N/A,N/A,
PBI,38690000000,39150000000,41250000000,52600000000,55690000000,62620000000,61290000000,57300000000,54920000000,49570000000,45760000000,44090000000,41220000000,38800000000,44320000000,
PCL,13400000000,13390000000,11670000000,11900000000,12940000000,16140000000,16750000000,16270000000,15760000000,15280000000,11960000000,11370000000,598000000,209054000,460620000,363246000,N/A,N/A,
PNC,168720000000,166060000000,158200000000,170960000000,192310000000,98860000000,100880000000,111460000000,79370000000,63150000000,59940000000,64200000000,68590000000,76230000000,76660000000,21510000000,N/A,N/A,
PPG,151080000000,135120000000,131530000000,134230000000,122390000000,158490000000,112060000000,110370000000,102010000000,95130000000,87560000000,80670000000,81690000000,86290000000,77570000000,35930000000,N/A,N/A,
PPL,118600000000,122860000000,127370000000,85210000000,74490000000,80440000000,64980000000,68990000000,62190000000,58120000000,55870000000,54290000000,57250000000,56830000000,45900000000,37860000000,N/A,N/A,
PX,119250000000,112240000000,112520000000,101160000000,89560000000,107960000000,94020000000,83240000000,76560000000,65940000000,56130000000,51280000000,51580000000,50430000000,46390000000,23980000000,N/A,N/A,
PCP,70860000000,83770000000,72010000000,62080000000,54590000000,67700000000,68520000000,53610000000,35460000000,29190000000,21740000000,21170000000,25570000000,23260000000,16730000000,14710000000,N/A,N/A,
PCLN,67930000000,52600000000,43550000000,30840000000,23380000000,18840000000,14090000000,11230000000,962660000,914372000,863661000,10030000000,11710000000,12350000000,482410000,
PFG,92890000000,92150000000,86700000000,91980000000,88490000000,99350000000,109060000000,98700000000,90070000000,83030000000,94040000000,88220000000,48330000000,N/A,N/A,
PG,434850000000,841670000000,836800000000,811040000000,775670000000,766940000000,835030000000,379660000000,682220000000,281960000000,514070000000,433770000000,201690000000,392440000000,399510000000,194440000000,N/A,N/A,
PGR,181750000000,170850000000,157740000000,152090000000,145630000000,128400000000,146860000000,147860000000,143030000000,137820000000,118920000000,92940000000,76000000000,67710000000,61240000000,27020000000,N/A,N/A,
PLD,17500000000,19600000000,14210000000,840152000,618424000,715045000,669671000,729896000,676149000,665689000,615037000,615843000,600845000,477707000,448183000,198088000,N/A,N/A,
PRU,414610000000,848470000000,490850000000,382170000000,323800000000,292750000000,344010000000,324880000000,317080000000,283480000000,279070000000,266750000000,65400000000,N/A,N/A,
PEG,99680000000,97810000000,110790000000,117930000000,120350000000,133220000000,128530000000,121640000000,124300000000,109960000000,111160000000,83900000000,98150000000,68480000000,64970000000,59310000000,N/A,N/A,
PSA,19810000000,18420000000,17350000000,16130000000,16220000000,17450000000,898552000,13810000000,10600000000,454291000,875071000,841452000,405267000,757310000,676734000,
PHM,56790000000,48190000000,41360000000,45690000000,40840000000,62890000000,92630000000,142740000000,146940000000,117110000000,90480000000,74710000000,53810000000,41590000000,37300000000,16660000000,N/A,N/A,
PVH,61340000000,60420000000,58900000000,46360000000,23980000000,24910000000,24250000000,20900000000,19080000000,16410000000,15820000000,14040000000,14310000000,14550000000,12710000000,700949000,N/A,N/A,
QEP,29350000000,23490000000,31590000000,23000000000,20110000000,N/A,
QCOM,66220000000,248660000000,191210000000,149570000000,109820000000,103870000000,111420000000,88710000000,75260000000,56730000000,48800000000,39700000000,30390000000,26790000000,31960000000,39370000000,33470000000,601419000,
PWR,65220000000,59200000000,41930000000,36290000000,33180000000,37800000000,26560000000,21310000000,18580000000,16260000000,16420000000,17500000000,20140000000,17930000000,925654000,215492000,N/A,N/A,
DGX,71460000000,73830000000,73920000000,72600000000,74550000000,72490000000,67040000000,62680000000,55030000000,51260000000,47370000000,41080000000,36270000000,34210000000,22050000000,723993000,N/A,N/A,
RL,55830000000,69440000000,68590000000,56600000000,49780000000,50180000000,48800000000,42950000000,37460000000,33050000000,26490000000,24390000000,23630000000,22250000000,19550000000,17260000000,N/A,N/A,
RRC,18320000000,13670000000,11880000000,833121000,751749000,13220000000,869858000,779728000,535957000,320707000,249197000,198238000,219425000,187719000,201364000,78558000,N/A,N/A,
RTN,237060000000,244140000000,247910000000,251500000000,248810000000,231740000000,213010000000,202910000000,218940000000,202450000000,181090000000,167600000000,168670000000,168950000000,198410000000,98780000000,N/A,N/A,
RHT,11340000000,13280000000,11330000000,909277000,748236000,652572000,523016000,400624000,278330000,196466000,124737000,90926000,78937000,103428000,42427000,
REGN,21040000000,13780000000,445824000,459074000,379268000,238457000,125024000,63447000,66193000,174017000,57497000,21988000,21973000,59276000,39706000,45193000,20269000,N/A,
RF,56650000000,60030000000,63950000000,71260000000,80420000000,96360000000,109390000000,77560000000,61420000000,46100000000,36170000000,37950000000,40370000000,38750000000,33910000000,30720000000,19110000000,N/A,
RSG,84170000000,81180000000,81920000000,81060000000,81990000000,36850000000,31760000000,30700000000,28630000000,27080000000,25170000000,23650000000,22570000000,21030000000,18380000000,13690000000,N/A,N/A,
RAI,82360000000,83040000000,85410000000,85510000000,85410000000,88450000000,90230000000,85100000000,82560000000,64370000000,52670000000,62110000000,85850000000,81670000000,81880000000,
RHI,42450000000,41110000000,37760000000,31750000000,30360000000,46000000000,46450000000,40130000000,33380000000,26750000000,19740000000,19040000000,24520000000,26990000000,20810000000,949592000,N/A,N/A,
ROK,15910000000,63510000000,62590000000,60000000000,48570000000,43320000000,56970000000,50030000000,55610000000,50030000000,44110000000,41040000000,39090000000,43230000000,72200000000,71510000000,18320000000,N/A,
COL,10710000000,46100000000,47260000000,48060000000,46310000000,44280000000,47690000000,44150000000,38630000000,34450000000,29300000000,25420000000,24920000000,816000000,N/A,
ROP,32380000000,29930000000,27970000000,23860000000,20490000000,23060000000,21020000000,17000000000,14530000000,969764000,473632000,N/A,
ROST,78660000000,71840000000,64860000000,59750000000,55700000000,49440000000,42390000000,39200000000,35310000000,29860000000,27090000000,24680000000,21820000000,10550000000,N/A,
RDC,15790000000,13920000000,939229000,10170000000,13700000000,22120000000,20950000000,15100000000,10680000000,708501000,679088000,617258000,731064000,645959000,460562000,318196000,N/A,N/A,
R,64190000000,62560000000,60500000000,51360000000,48870000000,62030000000,65650000000,63060000000,57400000000,51500000000,48020000000,47760000000,50060000000,53360000000,49520000000,26610000000,N/A,N/A,
SWY,361390000000,360680000000,353560000000,410500000000,408500000000,441040000000,422860000000,401850000000,384160000000,358220000000,355520000000,323990000000,343010000000,319760000000,288590000000,135110000000,N/A,N/A,
CRM,16570000000,13050000000,10760000000,748700000,497098000,309857000,176375000,N/A,N/A,
SNDK,61700000000,50520000000,56620000000,48260000000,35660000000,33510000000,38960000000,32570000000,23060000000,17770000000,10790000000,541273000,366301000,601812000,246990000,135761000,76462000,N/A,
SCG,44950000000,41760000000,44090000000,46010000000,42370000000,53190000000,46210000000,45630000000,47770000000,38850000000,34160000000,29540000000,34510000000,34330000000,12530000000,474000000,N/A,N/A,
SLB,452660000000,417310000000,365790000000,266720000000,227020000000,275640000000,237080000000,192300000000,147160000000,116080000000,140590000000,136120000000,139880000000,100340000000,87510000000,62730000000,N/A,N/A,
SCHW,54350000000,48830000000,46910000000,42480000000,41930000000,53930000000,56170000000,49880000000,51510000000,44790000000,43280000000,44800000000,52810000000,71390000000,47130000000,18290000000,N/A,N/A,
SNI,25300000000,23070000000,20720000000,18820000000,13670000000,786231000,
STX,70170000000,143510000000,149390000000,109710000000,113950000000,98050000000,127080000000,113600000000,92060000000,75530000000,62240000000,64860000000,
SEE,76900000000,75590000000,54670000000,44900000000,50870000000,48430000000,46510000000,43270000000,40850000000,37980000000,35310000000,32040000000,30670000000,30670000000,28390000000,14050000000,N/A,N/A,
SRE,105570000000,96470000000,100360000000,90030000000,81060000000,107580000000,114380000000,117610000000,117370000000,94100000000,78870000000,60200000000,80290000000,71430000000,54350000000,28400000000,N/A,N/A,
SHW,101850000000,95340000000,87650000000,77760000000,70940000000,79790000000,80050000000,78090000000,71900000000,61130000000,54070000000,51840000000,50660000000,52110000000,50030000000,24520000000,N/A,N/A,
SIAL,27040000000,26230000000,25050000000,22710000000,21480000000,22000000000,20380000000,17970000000,16660000000,14090000000,12980000000,12060000000,11790000000,10960000000,10370000000,11940000000,569449000,N/A,
SPG,51700000000,48800000000,43060000000,39570000000,37750000000,37830000000,36500000000,24050000000,31660000000,18070000000,23130000000,21850000000,14760000000,20120000000,18940000000,678323000,N/A,N/A,
SLM,62630000000,60130000000,56590000000,67760000000,60910000000,83850000000,106270000000,91390000000,65810000000,52660000000,43980000000,36910000000,41450000000,41660000000,32590000000,14210000000,N/A,N/A,
SJM,48250000000,46050000000,37570000000,25240000000,21480000000,21540000000,20430000000,14170000000,13110000000,687148000,651242000,632486000,602457000,N/A,N/A,
SNA,32370000000,30990000000,29780000000,26810000000,24200000000,29340000000,29040000000,25220000000,23620000000,24070000000,22770000000,21460000000,20950000000,21750000000,19450000000,904032000,N/A,N/A,
SO,170870000000,165370000000,176570000000,174560000000,157430000000,171270000000,153530000000,143560000000,135540000000,119020000000,112510000000,105490000000,101550000000,74780000000,N/A,
LUV,176990000000,170880000000,156580000000,121040000000,103500000000,110230000000,98610000000,90860000000,75840000000,65300000000,59370000000,55210000000,55550000000,56490000000,47350000000,21420000000,N/A,N/A,
SWN,33710000000,27290000000,29510000000,26100000000,21450000000,23110000000,12550000000,763112000,676329000,477137000,327401000,261502000,344927000,363883000,280396000,127015000,N/A,N/A,
SE,55180000000,50750000000,53510000000,49450000000,45520000000,50740000000,47420000000,N/A,N/A,
STJ,55010000000,55030000000,56120000000,51640000000,46810000000,43630000000,37790000000,33020000000,29150000000,22940000000,19320000000,15890000000,13470000000,11780000000,11140000000,497274000,N/A,N/A,
SWK,110010000000,101470000000,93760000000,74960000000,36820000000,44260000000,44830000000,40180000000,32850000000,30430000000,26780000000,25930000000,26240000000,27480000000,27510000000,13650000000,N/A,N/A,
SPLS,241350000000,242750000000,230830000000,193720000000,181600000000,160780000000,144480000000,131810000000,115960000000,107440000000,106730000000,89360000000,71230000000,51810000000,N/A,
SBUX,42390000000,148920000000,132990000000,117000000000,107070000000,97740000000,103830000000,94110000000,77860000000,63690000000,52940000000,40750000000,32880000000,26480000000,21690000000,16800000000,13080000000,270699000,
HOT,61150000000,63210000000,56240000000,50710000000,46960000000,59070000000,61530000000,59790000000,59770000000,53680000000,46300000000,46590000000,10140000000,38620000000,62940000000,
STT,102950000000,101250000000,102070000000,97160000000,93620000000,129760000000,118180000000,95250000000,74970000000,58610000000,54630000000,53950000000,56370000000,59210000000,46920000000,22310000000,N/A,N/A,
SRCL,21420000000,19130000000,16760000000,14390000000,11770000000,10830000000,932767000,789637000,609457000,516228000,453225000,401519000,359024000,323722000,132848000,66681000,25350000,N/A,
SYK,90210000000,86570000000,83070000000,73200000000,67230000000,67180000000,60000000000,54050000000,48710000000,42620000000,36250000000,30110000000,26020000000,22890000000,21030000000,582347000,N/A,N/A,
STI,86020000000,112400000000,96020000000,100720000000,104200000000,130120000000,138260000000,133100000000,108930000000,78640000000,72490000000,76360000000,84410000000,86190000000,77290000000,48730000000,N/A,N/A,
SYMC,50510000000,69060000000,67300000000,61900000000,59850000000,61500000000,58740000000,51990000000,41430000000,25820000000,18700000000,14060000000,10710000000,853554000,745725000,592628000,578361000,N/A,
SYY,229520000000,444110000000,423800000000,393230000000,372430000000,368530000000,375220000000,350420000000,326280000000,302810000000,293350000000,261400000000,233500000000,217840000000,193030000000,174220000000,N/A,N/A,
TROW,34840000000,30220000000,27470000000,23670000000,18670000000,21160000000,22330000000,18190000000,15120000000,12800000000,998855000,925829000,10270000000,12120000000,10360000000,886142000,406910000,N/A,
TGT,673900000000,653570000000,649480000000,633670000000,594900000000,526200000000,468390000000,481630000000,439170000000,398880000000,369030000000,337020000000,174270000000,N/A,N/A,
TEL,33260000000,132800000000,132820000000,137780000000,116810000000,102560000000,148340000000,36190000000,N/A,
TE,28510000000,688400000,33100000000,791700000,35360000000,34480000000,684700000,26690000000,27400000000,740300000,26480000000,22950000000,446400000,999700000,N/A,
THC,111020000000,91190000000,86540000000,82650000000,83180000000,86630000000,88520000000,87010000000,96140000000,99190000000,132120000000,37030000000,
TDC,26920000000,26650000000,23620000000,19360000000,17090000000,17620000000,479000000,N/A,N/A,
TSO,376010000000,298090000000,271820000000,205830000000,168720000000,283090000000,219150000000,181040000000,165810000000,122620000000,88450000000,71190000000,52170000000,51040000000,30000000000,10150000000,N/A,N/A,
TXN,122050000000,128250000000,137350000000,139660000000,104270000000,125010000000,138350000000,142550000000,133920000000,125800000000,98340000000,83830000000,82010000000,118750000000,94680000000,41070000000,N/A,N/A,
TXT,121040000000,122370000000,112750000000,105250000000,105000000000,140100000000,132250000000,114900000000,100430000000,102420000000,98590000000,106580000000,123210000000,130900000000,115790000000,
ADT,839000000,33090000000,N/A,
BK,148770000000,144730000000,146810000000,138370000000,125800000000,163390000000,97450000000,N/A,N/A,
WMB,68600000000,74860000000,79300000000,71800000000,59290000000,168330000000,105580000000,118120000000,125830000000,124610000000,168340000000,67440000000,110340000000,103980000000,85930000000,39170000000,N/A,N/A,
TMO,130900000000,125090000000,115580000000,103930000000,99110000000,104980000000,97460000000,37910000000,26330000000,22050000000,20970000000,20860000000,21880000000,22800000000,N/A,
TIF,30850000000,27090000000,28480000000,29380000000,26480000000,23950000000,22040000000,20000000000,17060000000,16060000000,16680000000,14610000000,695363000,N/A,N/A,
TWC,221200000000,213860000000,196750000000,188680000000,178680000000,172000000000,159550000000,N/A,N/A,
TWX,297950000000,287290000000,289740000000,268880000000,253880000000,469840000000,464820000000,442240000000,436520000000,420890000000,395650000000,409610000000,372240000000,57280000000,N/A,
TJX,219420000000,202880000000,189990000000,186470000000,174040000000,160570000000,149130000000,133270000000,119810000000,107080000000,95790000000,87950000000,43090000000,N/A,N/A,
TMK,37710000000,35890000000,33770000000,33670000000,31150000000,33260000000,34860000000,34210000000,31250000000,30710000000,29300000000,27370000000,27090000000,25150000000,11580000000,
TSS,21320000000,18700000000,18080000000,17170000000,16770000000,19380000000,18050000000,17870000000,16020000000,11870000000,10530000000,955132000,650407000,601292000,533926000,208406000,N/A,N/A,
RIG,94840000000,91960000000,80270000000,79490000000,114410000000,126740000000,63770000000,38820000000,28910000000,26130000000,24340000000,26730000000,28200000000,12290000000,204305000,
TRV,261910000000,257400000000,254460000000,251120000000,246800000000,244770000000,260170000000,250900000000,243650000000,229340000000,88540000000,89180000000,90370000000,86080000000,75690000000,44040000000,N/A,N/A,
TRIP,944661000,762966000,137798000,
 Inc",TYC,26470000000,106470000000,104030000000,126620000000,125230000000,168820000000,201990000000,252980000000,409380000000,397270000000,401530000000,368010000000,355890000000,363880000000,289310000000,224960000000,35360000000,N/A,
TSN,87610000000,343740000000,330550000000,320320000000,284300000000,267040000000,268620000000,269000000000,255590000000,260140000000,264410000000,245490000000,233670000000,107510000000,71580000000,73620000000,20680000000,N/A,
UNP,219630000000,209260000000,195570000000,169650000000,141430000000,179700000000,162830000000,155780000000,135780000000,122150000000,115510000000,124910000000,119730000000,118780000000,112730000000,58630000000,N/A,N/A,
UPS,554380000000,541270000000,531050000000,495450000000,452970000000,514860000000,496920000000,475470000000,425810000000,365820000000,334850000000,312720000000,306460000000,297710000000,N/A,
X,174240000000,193280000000,198840000000,173740000000,110480000000,237540000000,168730000000,157150000000,140390000000,141080000000,94690000000,70540000000,
UTX,626260000000,577080000000,557540000000,522750000000,524250000000,586810000000,547590000000,478290000000,427250000000,374450000000,310340000000,282120000000,278970000000,265830000000,241270000000,129390000000,N/A,N/A,
UNH,1224890000000,1106180000000,1018620000000,941550000000,871380000000,811860000000,754310000000,715420000000,453650000000,372180000000,288230000000,250200000000,234540000000,211220000000,195620000000,90050000000,N/A,N/A,
UNM,103530000000,105150000000,102780000000,101930000000,100910000000,99820000000,105190000000,105350000000,104370000000,104640000000,99910000000,96130000000,94350000000,94320000000,93290000000,19610000000,N/A,N/A,
URBN,22740000000,19370000000,18340000000,15070000000,12240000000,10920000000,827750000,548361000,422754000,348958000,295333000,276106000,208969000,173121000,N/A,
USB,210590000000,222020000000,213990000000,205180000000,194900000000,202070000000,203080000000,191090000000,167020000000,148100000000,145710000000,154220000000,163800000000,99650000000,84360000000,19830000000,N/A,N/A,
VLO,1380740000000,1392500000000,1259870000000,822330000000,645990000000,1191140000000,953270000000,918330000000,821620000000,546180000000,379680000000,269760000000,149880000000,146710000000,79610000000,27280000000,N/A,N/A,
VAR,711502000,29420000000,28070000000,25960000000,23560000000,22140000000,20690000000,17760000000,15970000000,13820000000,12350000000,10410000000,873092000,773643000,689700000,618486000,364461000,N/A,
VTR,28080000000,24660000000,17300000000,10000000000,922623000,929766000,771791000,428349000,332988000,236856000,205003000,196704000,204581000,242322000,233245000,37356000,N/A,N/A,
VRSN,965087000,873592000,771978000,680578000,615947000,961735000,14960000000,15750000000,16090000000,11660000000,10540000000,12210000000,983564000,474766000,84776000,38930000,N/A,N/A,
VZ,1205500000000,1158460000000,1108750000000,1065650000000,1078080000000,973540000000,934690000000,881440000000,751120000000,712830000000,677520000000,676250000000,671900000000,647070000000,331740000000,159870000000,N/A,N/A,
VRTX,12110000000,15270000000,14100000000,143370000,101889000,175504000,199012000,216356000,160890000,102717000,69141000,161085000,167490000,78127000,61648000,44398000,24726000,N/A,
VFC,114190000000,108790000000,94590000000,77020000000,72200000000,76420000000,72190000000,62150000000,65020000000,60540000000,52070000000,50830000000,55180000000,57470000000,55510000000,28020000000,N/A,N/A,
VIAB,31970000000,137940000000,138870000000,149140000000,N/A,N/A,
V,31550000000,117780000000,104210000000,91880000000,80650000000,69110000000,33220000000,N/A,N/A,
VNO,27600000000,27360000000,27020000000,25580000000,26550000000,26970000000,32700000000,27120000000,25470000000,17070000000,15030000000,14350000000,985773000,826532000,696958000,291126000,N/A,N/A,
VMC,27700000000,25670000000,25640000000,25580000000,26900000000,18120000000,15960000000,28950000000,24540000000,13330000000,27960000000,30190000000,11800000000,23550000000,951646000,
WMT,4218490000000,4080850000000,4042540000000,3787990000000,3486500000000,3156540000000,2879890000000,2586810000000,2465250000000,2198120000000,1932950000000,1668090000000,751710000000,N/A,N/A,
WAG,721840000000,674200000000,633350000000,590340000000,537620000000,474090000000,422010000000,375080000000,325050000000,286810000000,246230000000,212060000000,178380000000,N/A,N/A,
DIS,123090000000,450410000000,422780000000,408930000000,380630000000,361490000000,363670000000,355100000000,342850000000,319440000000,307520000000,270610000000,253290000000,252690000000,254020000000,234020000000,61470000000,N/A,
WM,139830000000,136490000000,133780000000,125150000000,117910000000,133880000000,133100000000,133630000000,130740000000,125160000000,115740000000,111420000000,113220000000,124920000000,131260000000,110510000000,N/A,N/A,
WAT,19040000000,18430000000,18510000000,16430000000,14980000000,15750000000,14730000000,12800000000,11580000000,11040000000,958205000,889967000,859208000,795071000,704400000,330777000,N/A,N/A,
WLP,534520000000,617110000000,607100000000,586980000000,649390000000,612510000000,611340000000,569530000000,451360000000,208150000000,167710000000,132820000000,53150000000,N/A,N/A,
WFC,880690000000,912470000000,875970000000,932490000000,986360000000,523890000000,535930000000,479980000000,405270000000,338910000000,318000000000,295530000000,285210000000,282900000000,217950000000,
WDC,77760000000,153510000000,124780000000,95260000000,98500000000,74530000000,80740000000,54680000000,43410000000,36380000000,30460000000,27180000000,21510000000,19530000000,19570000000,27670000000,N/A,N/A,
WU,55420000000,56640000000,54910000000,51920000000,50830000000,52820000000,49000000000,11730000000,N/A,
WY,85290000000,70590000000,62160000000,59540000000,50680000000,80180000000,163080000000,218960000000,226290000000,226650000000,198730000000,185210000000,145450000000,159800000000,122620000000,54870000000,N/A,N/A,
WHR,187690000000,181430000000,186660000000,183660000000,170990000000,189070000000,194080000000,180800000000,143170000000,132200000000,121760000000,110160000000,103430000000,103250000000,105110000000,52740000000,N/A,N/A,
WFM,101080000000,90050000000,80310000000,79530000000,65910000000,56070000000,47010000000,38640000000,31480000000,26900000000,22720000000,18380000000,15670000000,13890000000,320623000,
WIN,59880000000,61390000000,42790000000,37100000000,29960000000,31710000000,32600000000,30330000000,505894000,
WEC,45190000000,42460000000,44860000000,42020000000,41000000000,44310000000,42370000000,39960000000,38150000000,34310000000,40540000000,37360000000,39280000000,33540000000,22720000000,10040000000,N/A,N/A,
WPX,27610000000,31890000000,38820000000,
WYN,50090000000,45340000000,42540000000,38510000000,37500000000,42810000000,43600000000,20170000000,N/A,
WYNN,56200000000,51540000000,52690000000,41840000000,30450000000,29870000000,26870000000,14320000000,721981000,301000,1018000,220000,
XEL,109140000000,101280000000,106540000000,103100000000,96440000000,112030000000,100340000000,98400000000,96250000000,83450000000,79370000000,95240000000,150280000000,115910000000,28690000000,14790000000,N/A,N/A,
XRX,214350000000,217370000000,219000000000,216330000000,151790000000,176080000000,172280000000,158950000000,157010000000,157220000000,157010000000,158490000000,170080000000,187010000000,192280000000,104030000000,N/A,N/A,
XLNX,17640000000,21680000000,22400000000,23690000000,18330000000,18250000000,18410000000,18420000000,17260000000,15730000000,13970000000,11550000000,10150000000,16590000000,10200000000,661983000,613593000,N/A,
XL,75410000000,72320000000,66960000000,63980000000,61930000000,71480000000,91350000000,98330000000,112850000000,100280000000,80170000000,65780000000,40560000000,27170000000,25100000000,
XYL,38370000000,37910000000,10030000000,
YHOO,46800000000,49860000000,49840000000,63240000000,64600000000,72080000000,69690000000,64250000000,52570000000,35740000000,16250000000,953067000,717422000,11100000000,588608000,203270000,44376000,N/A,
YUM,130840000000,136330000000,126260000000,113430000000,108360000000,112790000000,104160000000,95610000000,93490000000,90110000000,83800000000,77570000000,69530000000,70930000000,78220000000,45460000000,N/A,N/A,
ZMH,46230000000,44710000000,44510000000,42200000000,40950000000,41210000000,38970000000,34950000000,32860000000,29800000000,19010000000,13720000000,598300000,N/A,N/A,
ZION,22780000000,24580000000,26860000000,27600000000,33190000000,35290000000,37750000000,33690000000,23500000000,19320000000,18890000000,18580000000,20100000000,19150000000,890094000,513453000,469027000,N/A,
ZTS,45610000000,21950000000,N/A,